ts,mem_used_mib,util_gpu,util_mem,power_w,sm_clk,temp
2026/08/23 03:02:21.669, 582, 0, 0, 60.75, 2895, 54
2026/08/23 03:02:21.885, 850, 0, 0, 60.83, 2895, 54
2026/08/23 03:02:22.100, 850, 0, 0, 61.19, 2895, 53
2026/08/23 03:02:22.317, 12522, 0, 0, 61.53, 2895, 53
2026/08/23 03:02:22.537, 12522, 0, 0, 62.13, 2895, 53
2026/08/23 03:02:22.758, 12522, 97, 3, 62.71, 2895, 53
2026/08/23 03:02:22.980, 12522, 97, 3, 62.89, 2895, 53
2026/08/23 03:02:23.200, 14004, 47, 2, 63.01, 2895, 53
2026/08/23 03:02:23.417, 14008, 47, 2, 75.25, 2887, 53
2026/08/23 03:02:23.633, 14008, 47, 2, 82.04, 2887, 55
2026/08/23 03:02:23.851, 14008, 47, 2, 95.92, 2887, 54
2026/08/23 03:02:24.067, 14008, 47, 2, 100.25, 2887, 57
2026/08/23 03:02:24.283, 14008, 15, 4, 112.13, 2887, 54
2026/08/23 03:02:24.501, 14008, 15, 4, 111.05, 2887, 56
2026/08/23 03:02:24.717, 14008, 18, 5, 110.92, 2887, 54
2026/08/23 03:02:24.935, 14008, 18, 5, 111.86, 2850, 53
2026/08/23 03:02:25.150, 14010, 18, 5, 110.23, 2677, 55
2026/08/23 03:02:25.367, 14010, 18, 5, 108.53, 2677, 53
2026/08/23 03:02:25.583, 14012, 18, 5, 107.07, 2677, 57
2026/08/23 03:02:25.799, 14012, 16, 4, 104.62, 2677, 53
2026/08/23 03:02:26.016, 14012, 16, 4, 97.93, 2677, 52
2026/08/23 03:02:26.233, 14012, 13, 3, 93.83, 2662, 52
2026/08/23 03:02:26.449, 14012, 13, 3, 88.78, 2662, 52
2026/08/23 03:02:26.665, 14012, 13, 3, 80.96, 2655, 52
2026/08/23 03:02:26.883, 14012, 13, 3, 78.37, 2655, 53
2026/08/23 03:02:27.099, 14012, 13, 3, 72.28, 2655, 51
2026/08/23 03:02:27.316, 14012, 0, 0, 71.90, 2655, 51
2026/08/23 03:02:27.533, 14012, 0, 0, 69.61, 2655, 51
2026/08/23 03:02:27.749, 14012, 16, 4, 69.12, 2662, 51
2026/08/23 03:02:27.965, 14012, 16, 4, 70.65, 2662, 51
2026/08/23 03:02:28.182, 14012, 16, 4, 68.55, 2655, 51
2026/08/23 03:02:28.397, 14012, 16, 4, 70.60, 2655, 50
2026/08/23 03:02:28.614, 14012, 16, 4, 67.35, 2655, 50
2026/08/23 03:02:28.831, 14012, 0, 0, 68.28, 2655, 50
2026/08/23 03:02:29.046, 14012, 0, 0, 68.20, 2655, 50
2026/08/23 03:02:29.262, 14012, 15, 4, 70.13, 2670, 50
2026/08/23 03:02:29.479, 14012, 15, 4, 70.32, 2655, 51
2026/08/23 03:02:29.695, 14012, 15, 4, 65.92, 2640, 52
2026/08/23 03:02:29.911, 14012, 15, 4, 64.51, 2655, 49
2026/08/23 03:02:30.127, 14012, 15, 4, 63.38, 2655, 50
2026/08/23 03:02:30.343, 14012, 0, 1, 62.10, 2655, 49
2026/08/23 03:02:30.559, 14012, 0, 1, 61.06, 2655, 49
2026/08/23 03:02:30.775, 14012, 0, 0, 62.35, 2640, 58
2026/08/23 03:02:30.990, 14012, 0, 0, 62.38, 2655, 49
2026/08/23 03:02:31.208, 14012, 0, 0, 61.99, 2655, 49
2026/08/23 03:02:31.424, 14012, 0, 0, 64.59, 2655, 50
2026/08/23 03:02:31.640, 14012, 0, 0, 60.12, 2640, 49
2026/08/23 03:02:31.855, 14012, 0, 0, 61.04, 2640, 49
2026/08/23 03:02:32.072, 14012, 0, 0, 61.82, 2655, 49
2026/08/23 03:02:32.287, 14012, 3, 1, 61.00, 2655, 48
2026/08/23 03:02:32.503, 14012, 3, 1, 60.99, 2655, 49
2026/08/23 03:02:32.719, 14012, 0, 0, 63.64, 2640, 52
2026/08/23 03:02:32.935, 14012, 0, 0, 59.58, 2655, 48
2026/08/23 03:02:33.152, 14012, 0, 0, 61.62, 2655, 49
2026/08/23 03:02:33.367, 14012, 0, 0, 59.56, 2647, 48
2026/08/23 03:02:33.584, 14012, 0, 0, 60.81, 2647, 48
2026/08/23 03:02:33.801, 14012, 0, 0, 63.41, 2647, 49
2026/08/23 03:02:34.016, 14012, 0, 0, 59.53, 2655, 48
2026/08/23 03:02:34.232, 14012, 15, 4, 60.55, 2655, 48
2026/08/23 03:02:34.448, 14012, 15, 4, 63.23, 2640, 53
2026/08/23 03:02:34.664, 14012, 15, 4, 59.21, 2655, 48
2026/08/23 03:02:34.880, 14012, 15, 4, 59.57, 2655, 48
2026/08/23 03:02:35.096, 14012, 15, 4, 60.73, 2655, 48
2026/08/23 03:02:35.312, 14012, 0, 0, 60.96, 2640, 48
2026/08/23 03:02:35.529, 14012, 0, 0, 56.65, 2655, 48
2026/08/23 03:02:35.744, 14012, 0, 0, 60.03, 2640, 49
2026/08/23 03:02:35.961, 14012, 0, 0, 55.84, 2655, 47
2026/08/23 03:02:36.177, 14012, 0, 0, 59.82, 2655, 47
2026/08/23 03:02:36.393, 14012, 0, 0, 56.13, 2640, 47
2026/08/23 03:02:36.609, 14012, 0, 0, 61.50, 2655, 53
2026/08/23 03:02:36.825, 14012, 17, 4, 55.98, 2655, 47
2026/08/23 03:02:37.041, 14012, 17, 4, 56.80, 2640, 47
2026/08/23 03:02:37.256, 14012, 16, 4, 56.34, 2655, 47
2026/08/23 03:02:37.471, 14012, 16, 4, 56.31, 2640, 47
2026/08/23 03:02:37.686, 14012, 16, 4, 59.41, 2655, 47
2026/08/23 03:02:37.901, 14012, 16, 4, 55.15, 2640, 47
2026/08/23 03:02:38.117, 14012, 16, 4, 59.17, 2655, 47
2026/08/23 03:02:38.332, 14012, 0, 1, 55.14, 2655, 47
2026/08/23 03:02:38.548, 14012, 0, 1, 55.97, 2640, 47
2026/08/23 03:02:38.765, 14012, 0, 0, 55.91, 2655, 47
2026/08/23 03:02:38.980, 14012, 0, 0, 60.28, 2640, 53
2026/08/23 03:02:39.196, 14012, 0, 0, 55.90, 2655, 46
2026/08/23 03:02:39.412, 14012, 0, 0, 59.51, 2655, 48
2026/08/23 03:02:39.628, 14012, 0, 0, 55.68, 2640, 46
2026/08/23 03:02:39.844, 14012, 0, 0, 60.01, 2640, 46
2026/08/23 03:02:40.060, 14012, 0, 0, 55.68, 2655, 46
2026/08/23 03:02:40.275, 14012, 1, 0, 55.69, 2640, 46
2026/08/23 03:02:40.490, 14012, 1, 0, 58.88, 2655, 46
2026/08/23 03:02:40.705, 14012, 0, 1, 55.84, 2640, 46
2026/08/23 03:02:40.921, 14012, 0, 1, 54.95, 2655, 46
2026/08/23 03:02:41.136, 14012, 0, 1, 54.91, 2640, 46
2026/08/23 03:02:41.352, 14012, 0, 1, 58.75, 2640, 47
2026/08/23 03:02:41.568, 14012, 0, 1, 54.76, 2655, 46
2026/08/23 03:02:41.784, 14012, 0, 0, 59.69, 2640, 46
2026/08/23 03:02:42.000, 14012, 0, 0, 54.69, 2655, 46
2026/08/23 03:02:42.217, 14012, 8, 3, 59.15, 2647, 47
2026/08/23 03:02:42.433, 14012, 8, 3, 55.25, 2655, 46
2026/08/23 03:02:42.648, 14012, 8, 3, 55.30, 2640, 46
2026/08/23 03:02:42.863, 14012, 8, 3, 55.53, 2640, 46
2026/08/23 03:02:43.080, 14012, 8, 3, 55.52, 2655, 46
2026/08/23 03:02:43.296, 14012, 0, 0, 51.51, 2647, 52
2026/08/23 03:02:43.512, 14012, 0, 0, 56.01, 2655, 46
2026/08/23 03:02:43.728, 14012, 0, 0, 55.25, 2640, 45
2026/08/23 03:02:43.944, 14012, 0, 0, 56.34, 2640, 51
2026/08/23 03:02:44.160, 14012, 0, 0, 56.35, 2662, 46
2026/08/23 03:02:44.376, 14012, 0, 0, 55.52, 2640, 45
2026/08/23 03:02:44.592, 14012, 0, 0, 56.42, 2640, 46
2026/08/23 03:02:44.808, 14012, 0, 0, 56.41, 2655, 45
2026/08/23 03:02:45.023, 14012, 0, 0, 51.58, 2640, 45
2026/08/23 03:02:45.241, 14012, 16, 4, 55.90, 2655, 45
2026/08/23 03:02:45.457, 14012, 16, 4, 55.03, 2640, 45
2026/08/23 03:02:45.673, 14012, 16, 4, 51.18, 2640, 45
2026/08/23 03:02:45.888, 14012, 16, 4, 54.68, 2655, 45
2026/08/23 03:02:46.104, 14012, 16, 4, 54.66, 2655, 45
2026/08/23 03:02:46.320, 14012, 0, 0, 55.49, 2640, 46
2026/08/23 03:02:46.536, 14012, 0, 0, 54.71, 2655, 45
2026/08/23 03:02:46.751, 14012, 0, 0, 51.14, 2640, 45
2026/08/23 03:02:46.967, 14012, 0, 0, 54.73, 2655, 45
2026/08/23 03:02:47.184, 14012, 0, 0, 54.73, 2640, 45
2026/08/23 03:02:47.400, 14012, 0, 0, 50.81, 2640, 52
2026/08/23 03:02:47.616, 14012, 0, 0, 55.49, 2655, 45
2026/08/23 03:02:47.832, 14012, 0, 0, 54.72, 2655, 45
2026/08/23 03:02:48.048, 14012, 0, 0, 55.32, 2640, 48
2026/08/23 03:02:48.265, 14012, 0, 0, 55.39, 2655, 45
2026/08/23 03:02:48.480, 14012, 0, 0, 54.60, 2640, 45
2026/08/23 03:02:48.695, 14012, 0, 0, 55.40, 2655, 45
2026/08/23 03:02:48.911, 14012, 0, 0, 54.56, 2640, 45
2026/08/23 03:02:49.126, 14012, 0, 0, 50.71, 2640, 44
2026/08/23 03:02:49.345, 14012, 0, 0, 55.38, 2640, 45
2026/08/23 03:02:49.562, 14012, 0, 0, 54.63, 2655, 44
2026/08/23 03:02:49.779, 14012, 0, 0, 51.02, 2640, 44
2026/08/23 03:02:49.995, 14012, 0, 0, 54.50, 2655, 44
2026/08/23 03:02:50.211, 14012, 0, 0, 50.85, 2640, 44
2026/08/23 03:02:50.427, 14012, 0, 0, 55.04, 2655, 45
2026/08/23 03:02:50.643, 14012, 0, 0, 54.32, 2640, 44
2026/08/23 03:02:50.859, 14012, 0, 0, 54.31, 2640, 44
2026/08/23 03:02:51.074, 14012, 0, 0, 54.31, 2640, 45
2026/08/23 03:02:51.290, 14012, 0, 0, 55.10, 2655, 44
2026/08/23 03:02:51.506, 14012, 0, 0, 55.34, 2640, 44
2026/08/23 03:02:51.722, 14012, 0, 1, 55.41, 2655, 44
2026/08/23 03:02:51.938, 14012, 0, 1, 54.64, 2640, 44
2026/08/23 03:02:52.154, 14012, 0, 1, 51.15, 2640, 44
2026/08/23 03:02:52.369, 14012, 0, 1, 54.78, 2655, 45
2026/08/23 03:02:52.585, 14012, 0, 1, 54.76, 2655, 44
2026/08/23 03:02:52.800, 14012, 0, 0, 50.56, 2640, 44
2026/08/23 03:02:53.017, 14012, 0, 0, 54.73, 2640, 45
2026/08/23 03:02:53.233, 14012, 0, 0, 54.74, 2655, 44
2026/08/23 03:02:53.449, 14012, 0, 0, 50.72, 2640, 44
2026/08/23 03:02:53.665, 14012, 0, 0, 51.39, 2647, 44
2026/08/23 03:02:53.881, 14012, 0, 0, 55.10, 2655, 44
2026/08/23 03:02:54.097, 14012, 0, 0, 51.34, 2655, 44
2026/08/23 03:02:54.313, 14012, 0, 0, 50.85, 2640, 44
2026/08/23 03:02:54.530, 14012, 0, 0, 55.82, 2655, 44
2026/08/23 03:02:54.746, 14012, 0, 1, 54.34, 2640, 44
2026/08/23 03:02:54.961, 14012, 0, 1, 50.98, 2640, 44
2026/08/23 03:02:55.177, 14012, 0, 1, 55.30, 2655, 45
2026/08/23 03:02:55.393, 14012, 0, 1, 54.58, 2640, 44
2026/08/23 03:02:55.609, 14012, 0, 1, 50.42, 2640, 43
2026/08/23 03:02:55.825, 14012, 0, 0, 54.25, 2640, 45
2026/08/23 03:02:56.041, 14012, 0, 0, 55.09, 2655, 44
2026/08/23 03:02:56.257, 14012, 0, 0, 50.67, 2640, 43
2026/08/23 03:02:56.472, 14012, 0, 0, 50.67, 2640, 43
2026/08/23 03:02:56.688, 14012, 0, 0, 54.31, 2655, 43
2026/08/23 03:02:56.904, 14012, 0, 0, 50.43, 2640, 43
2026/08/23 03:02:57.119, 14012, 0, 0, 50.78, 2640, 43
2026/08/23 03:02:57.335, 14012, 0, 0, 54.34, 2640, 44
2026/08/23 03:02:57.551, 14012, 0, 0, 54.37, 2655, 43
2026/08/23 03:02:57.767, 14012, 0, 0, 50.33, 2640, 43
2026/08/23 03:02:57.982, 14012, 0, 0, 55.05, 2640, 51
2026/08/23 03:02:58.199, 14012, 0, 0, 54.28, 2655, 43
2026/08/23 03:02:58.415, 14012, 0, 0, 50.27, 2640, 43
2026/08/23 03:02:58.631, 14012, 0, 0, 54.81, 2655, 43
2026/08/23 03:02:58.847, 14012, 15, 4, 54.08, 2655, 43
2026/08/23 03:02:59.063, 14012, 15, 4, 50.15, 2640, 43
2026/08/23 03:02:59.278, 14012, 0, 0, 50.12, 2640, 43
2026/08/23 03:02:59.494, 14012, 0, 0, 54.94, 2655, 43
2026/08/23 03:02:59.711, 14012, 0, 0, 50.35, 2640, 43
2026/08/23 03:02:59.926, 14012, 0, 0, 50.24, 2640, 43
2026/08/23 03:03:00.141, 14012, 0, 0, 54.99, 2655, 44
2026/08/23 03:03:00.357, 14012, 0, 0, 54.22, 2655, 43
2026/08/23 03:03:00.573, 14012, 0, 0, 50.18, 2640, 43
2026/08/23 03:03:00.789, 14012, 0, 0, 50.56, 2640, 44
2026/08/23 03:03:01.005, 14012, 0, 0, 54.83, 2655, 43
2026/08/23 03:03:01.221, 14012, 0, 0, 50.05, 2640, 43
2026/08/23 03:03:01.436, 14012, 0, 0, 50.03, 2647, 43
2026/08/23 03:03:01.652, 14012, 0, 0, 54.66, 2655, 43
2026/08/23 03:03:01.869, 14012, 0, 0, 50.40, 2640, 43
2026/08/23 03:03:02.084, 14012, 0, 0, 50.44, 2640, 43
2026/08/23 03:03:02.300, 14012, 0, 0, 54.64, 2640, 43
2026/08/23 03:03:02.516, 14012, 0, 0, 53.88, 2655, 43
2026/08/23 03:03:02.731, 14012, 0, 0, 50.03, 2640, 43
2026/08/23 03:03:02.947, 14012, 0, 0, 54.13, 2640, 48
2026/08/23 03:03:03.164, 14012, 0, 0, 54.18, 2655, 43
2026/08/23 03:03:03.381, 14012, 0, 0, 50.37, 2640, 43
2026/08/23 03:03:03.597, 14012, 0, 0, 50.33, 2640, 42
2026/08/23 03:03:03.813, 14012, 0, 0, 55.10, 2640, 43
2026/08/23 03:03:04.029, 14012, 0, 0, 50.52, 2655, 42
2026/08/23 03:03:04.245, 14012, 0, 0, 50.45, 2640, 42
2026/08/23 03:03:04.461, 14012, 0, 0, 50.03, 2640, 42
2026/08/23 03:03:04.675, 14012, 0, 0, 54.19, 2655, 43
2026/08/23 03:03:04.891, 14012, 0, 0, 50.19, 2640, 42
2026/08/23 03:03:05.108, 14012, 0, 0, 50.15, 2640, 42
2026/08/23 03:03:05.323, 14012, 0, 0, 50.50, 2640, 42
2026/08/23 03:03:05.539, 14012, 0, 0, 55.31, 2647, 43
2026/08/23 03:03:05.755, 14012, 0, 0, 50.61, 2647, 42
2026/08/23 03:03:05.972, 14012, 0, 0, 50.56, 2640, 42
2026/08/23 03:03:06.187, 14012, 0, 0, 50.54, 2640, 49
2026/08/23 03:03:06.404, 14012, 0, 0, 54.25, 2655, 42
2026/08/23 03:03:06.620, 14012, 0, 0, 50.15, 2640, 42
2026/08/23 03:03:06.836, 14012, 0, 0, 49.79, 2640, 42
2026/08/23 03:03:07.053, 14012, 0, 0, 53.62, 2640, 42
2026/08/23 03:03:07.269, 14012, 0, 1, 53.83, 2655, 42
2026/08/23 03:03:07.485, 14012, 0, 1, 49.67, 2640, 42
2026/08/23 03:03:07.700, 14012, 0, 1, 49.66, 2640, 42
2026/08/23 03:03:07.916, 14012, 0, 1, 54.31, 2655, 43
2026/08/23 03:03:08.133, 14012, 0, 1, 50.51, 2647, 42
2026/08/23 03:03:08.349, 14012, 0, 1, 49.58, 2647, 42
2026/08/23 03:03:08.565, 14012, 0, 1, 49.54, 2640, 42
2026/08/23 03:03:08.780, 14012, 0, 0, 53.57, 2640, 44
2026/08/23 03:03:08.996, 14012, 0, 0, 53.66, 2655, 42
2026/08/23 03:03:09.212, 14012, 0, 0, 49.77, 2640, 42
2026/08/23 03:03:09.427, 14012, 0, 0, 49.79, 2640, 42
2026/08/23 03:03:09.643, 14012, 0, 0, 54.55, 2655, 42
2026/08/23 03:03:09.859, 14012, 0, 0, 49.85, 2655, 42
2026/08/23 03:03:10.076, 14012, 0, 0, 49.84, 2640, 42
2026/08/23 03:03:10.291, 14012, 0, 0, 49.84, 2647, 42
2026/08/23 03:03:10.506, 14012, 0, 0, 53.75, 2655, 42
2026/08/23 03:03:10.722, 14012, 0, 0, 50.08, 2640, 42
2026/08/23 03:03:10.937, 14012, 0, 0, 49.99, 2640, 42
2026/08/23 03:03:11.152, 14012, 0, 0, 49.67, 2647, 42
2026/08/23 03:03:11.368, 14012, 0, 0, 53.49, 2647, 42
2026/08/23 03:03:11.584, 14012, 0, 0, 49.98, 2655, 42
2026/08/23 03:03:11.800, 14012, 0, 0, 50.02, 2640, 42
2026/08/23 03:03:12.015, 14012, 0, 0, 54.35, 2640, 50
2026/08/23 03:03:12.231, 14012, 0, 0, 53.61, 2655, 42
2026/08/23 03:03:12.446, 14012, 0, 0, 50.18, 2640, 42
2026/08/23 03:03:12.664, 14012, 0, 0, 50.14, 2640, 41
2026/08/23 03:03:12.880, 14012, 0, 0, 53.68, 2655, 41
2026/08/23 03:03:13.096, 14012, 0, 0, 53.71, 2655, 41
2026/08/23 03:03:13.312, 14012, 0, 0, 49.64, 2640, 41
2026/08/23 03:03:13.528, 14012, 0, 0, 49.55, 2640, 41
2026/08/23 03:03:13.743, 14012, 0, 0, 54.12, 2640, 43
2026/08/23 03:03:13.959, 14012, 0, 0, 49.71, 2655, 41
2026/08/23 03:03:14.175, 14012, 0, 0, 49.38, 2640, 41
2026/08/23 03:03:14.391, 14012, 0, 0, 49.37, 2640, 41
2026/08/23 03:03:14.607, 14012, 0, 0, 54.02, 2640, 42
2026/08/23 03:03:14.824, 14012, 0, 0, 49.50, 2655, 41
2026/08/23 03:03:15.040, 14012, 0, 0, 49.48, 2640, 41
2026/08/23 03:03:15.255, 14012, 0, 0, 49.46, 2640, 41
2026/08/23 03:03:15.471, 14012, 0, 0, 54.08, 2655, 42
2026/08/23 03:03:15.687, 14012, 0, 0, 49.49, 2640, 41
2026/08/23 03:03:15.903, 14012, 0, 0, 49.68, 2640, 41
2026/08/23 03:03:16.117, 14012, 0, 0, 49.32, 2640, 41
2026/08/23 03:03:16.333, 14012, 0, 0, 53.43, 2640, 41
2026/08/23 03:03:16.549, 14012, 0, 0, 49.59, 2655, 41
2026/08/23 03:03:16.765, 14012, 0, 0, 49.62, 2640, 41
2026/08/23 03:03:16.982, 14012, 0, 0, 50.03, 2640, 41
2026/08/23 03:03:17.198, 14012, 0, 0, 50.05, 2640, 42
2026/08/23 03:03:17.414, 14012, 0, 0, 49.92, 2655, 41
2026/08/23 03:03:17.630, 14012, 0, 0, 49.90, 2640, 41
2026/08/23 03:03:17.847, 14012, 0, 0, 49.89, 2640, 41
2026/08/23 03:03:18.061, 14012, 0, 0, 49.90, 2640, 41
2026/08/23 03:03:18.278, 14012, 17, 4, 50.04, 2655, 41
2026/08/23 03:03:18.494, 14012, 17, 4, 49.69, 2640, 41
2026/08/23 03:03:18.710, 14012, 0, 0, 49.63, 2640, 41
2026/08/23 03:03:18.928, 14012, 0, 0, 50.01, 2640, 41
2026/08/23 03:03:19.144, 14012, 0, 0, 53.93, 2655, 43
2026/08/23 03:03:19.360, 14012, 0, 0, 49.71, 2655, 41
2026/08/23 03:03:19.576, 14012, 0, 0, 49.62, 2640, 41
2026/08/23 03:03:19.793, 14012, 0, 0, 50.08, 2647, 41
2026/08/23 03:03:20.008, 14012, 0, 0, 53.78, 2640, 41
2026/08/23 03:03:20.225, 14012, 0, 1, 49.85, 2655, 41
2026/08/23 03:03:20.441, 14012, 0, 1, 49.85, 2640, 41
2026/08/23 03:03:20.657, 14012, 0, 1, 49.85, 2640, 41
2026/08/23 03:03:20.872, 14012, 0, 1, 49.94, 2640, 41
2026/08/23 03:03:21.087, 14012, 0, 1, 53.50, 2640, 41
2026/08/23 03:03:21.303, 14012, 0, 1, 49.42, 2655, 41
2026/08/23 03:03:21.519, 14012, 0, 1, 49.83, 2640, 41
2026/08/23 03:03:21.735, 14012, 0, 0, 49.80, 2640, 41
2026/08/23 03:03:21.950, 14012, 0, 0, 49.38, 2640, 41
2026/08/23 03:03:22.166, 14012, 0, 0, 49.35, 2655, 41
2026/08/23 03:03:22.382, 14012, 0, 0, 49.25, 2640, 41
2026/08/23 03:03:22.598, 14012, 0, 0, 49.19, 2640, 41
2026/08/23 03:03:22.813, 14012, 0, 0, 49.21, 2640, 40
2026/08/23 03:03:23.028, 14012, 0, 0, 53.16, 2640, 41
2026/08/23 03:03:23.244, 14012, 0, 0, 49.29, 2655, 41
2026/08/23 03:03:23.459, 14012, 0, 0, 49.63, 2640, 41
2026/08/23 03:03:23.676, 14012, 0, 0, 49.21, 2640, 41
2026/08/23 03:03:23.890, 14012, 0, 0, 49.22, 2640, 48
2026/08/23 03:03:24.106, 14012, 0, 0, 49.68, 2640, 41
2026/08/23 03:03:24.322, 14012, 0, 0, 49.59, 2655, 40
2026/08/23 03:03:24.539, 14012, 0, 0, 49.24, 2640, 40
2026/08/23 03:03:24.754, 14012, 0, 0, 49.23, 2640, 40
2026/08/23 03:03:24.969, 14012, 0, 0, 49.47, 2655, 41
2026/08/23 03:03:25.186, 14012, 0, 0, 49.09, 2640, 40
2026/08/23 03:03:25.402, 14012, 0, 0, 49.03, 2640, 40
2026/08/23 03:03:25.618, 14012, 0, 0, 49.01, 2640, 40
2026/08/23 03:03:25.833, 14012, 0, 0, 53.56, 2640, 40
2026/08/23 03:03:26.049, 14012, 0, 0, 49.31, 2655, 40
2026/08/23 03:03:26.266, 14012, 0, 0, 49.32, 2640, 40
2026/08/23 03:03:26.482, 14012, 0, 0, 49.40, 2640, 40
2026/08/23 03:03:26.697, 14012, 0, 0, 49.44, 2640, 40
2026/08/23 03:03:26.912, 14012, 0, 0, 49.20, 2655, 41
2026/08/23 03:03:27.129, 14012, 0, 0, 49.53, 2640, 40
2026/08/23 03:03:27.345, 14012, 0, 0, 49.51, 2640, 40
2026/08/23 03:03:27.561, 14012, 0, 0, 49.17, 2640, 40
2026/08/23 03:03:27.777, 14012, 0, 0, 50.75, 2640, 40
2026/08/23 03:03:27.993, 14012, 0, 0, 49.08, 2655, 40
2026/08/23 03:03:28.209, 14012, 0, 0, 49.09, 2640, 40
2026/08/23 03:03:28.425, 14012, 0, 0, 49.04, 2640, 40
2026/08/23 03:03:28.640, 14012, 0, 0, 48.97, 2640, 40
2026/08/23 03:03:28.855, 14012, 0, 0, 49.26, 2640, 40
2026/08/23 03:03:29.072, 14012, 0, 0, 49.25, 2655, 40
2026/08/23 03:03:29.288, 14012, 0, 0, 48.88, 2640, 40
2026/08/23 03:03:29.504, 14012, 0, 0, 48.84, 2640, 40
2026/08/23 03:03:29.719, 14012, 3, 1, 52.65, 2640, 41
2026/08/23 03:03:29.934, 14012, 3, 1, 48.81, 2655, 40
2026/08/23 03:03:30.151, 14012, 3, 1, 49.18, 2647, 40
2026/08/23 03:03:30.367, 14012, 3, 1, 49.18, 2647, 40
2026/08/23 03:03:30.582, 14012, 3, 1, 48.91, 2640, 40
2026/08/23 03:03:30.798, 14012, 15, 4, 49.32, 2655, 40
2026/08/23 03:03:31.014, 14012, 15, 4, 48.84, 2640, 40
2026/08/23 03:03:31.229, 14012, 0, 0, 48.86, 2647, 40
2026/08/23 03:03:31.445, 14012, 0, 0, 49.18, 2640, 40
2026/08/23 03:03:31.660, 14012, 0, 0, 49.83, 2655, 41
2026/08/23 03:03:31.876, 14012, 0, 0, 49.87, 2640, 40
2026/08/23 03:03:32.091, 14012, 0, 0, 49.98, 2640, 40
2026/08/23 03:03:32.307, 14012, 0, 0, 49.52, 2640, 40
2026/08/23 03:03:32.523, 14012, 0, 0, 49.53, 2640, 40
2026/08/23 03:03:32.738, 14012, 16, 4, 49.55, 2655, 40
2026/08/23 03:03:32.954, 14012, 16, 4, 49.19, 2640, 40
2026/08/23 03:03:33.170, 14012, 16, 4, 49.14, 2640, 40
2026/08/23 03:03:33.385, 14012, 16, 4, 49.07, 2640, 40
2026/08/23 03:03:33.600, 14012, 16, 4, 49.47, 2640, 40
2026/08/23 03:03:33.815, 14012, 0, 0, 49.53, 2640, 40
2026/08/23 03:03:34.031, 14012, 0, 0, 49.49, 2655, 40
2026/08/23 03:03:34.247, 14012, 0, 0, 49.56, 2640, 40
2026/08/23 03:03:34.463, 14012, 0, 0, 49.53, 2640, 40
2026/08/23 03:03:34.678, 14012, 0, 0, 49.46, 2640, 40
2026/08/23 03:03:34.895, 14012, 0, 0, 49.74, 2662, 40
2026/08/23 03:03:35.111, 14012, 0, 0, 49.73, 2640, 40
2026/08/23 03:03:35.328, 14012, 0, 0, 49.73, 2640, 40
2026/08/23 03:03:35.543, 14012, 0, 0, 49.78, 2640, 40
2026/08/23 03:03:35.759, 14012, 0, 0, 49.77, 2640, 40
2026/08/23 03:03:35.974, 14012, 0, 0, 49.51, 2655, 41
2026/08/23 03:03:36.190, 14012, 0, 0, 49.63, 2640, 40
2026/08/23 03:03:36.406, 14012, 0, 0, 49.18, 2640, 40
2026/08/23 03:03:36.621, 14012, 0, 0, 49.22, 2640, 40
2026/08/23 03:03:36.836, 14012, 0, 0, 49.66, 2640, 39
2026/08/23 03:03:37.051, 14012, 0, 0, 49.42, 2640, 40
2026/08/23 03:03:37.267, 14012, 0, 1, 49.50, 2655, 40
2026/08/23 03:03:37.483, 14012, 0, 1, 49.51, 2640, 39
2026/08/23 03:03:37.699, 14012, 0, 1, 49.14, 2640, 39
2026/08/23 03:03:37.915, 14012, 0, 1, 49.12, 2640, 39
2026/08/23 03:03:38.130, 14012, 0, 1, 49.31, 2655, 40
2026/08/23 03:03:38.347, 14012, 0, 1, 48.97, 2655, 39
2026/08/23 03:03:38.562, 14012, 0, 1, 48.99, 2640, 39
2026/08/23 03:03:38.779, 14012, 0, 0, 48.97, 2640, 39
2026/08/23 03:03:38.994, 14012, 0, 0, 49.35, 2640, 39
2026/08/23 03:03:39.209, 14012, 16, 4, 49.47, 2655, 40
2026/08/23 03:03:39.426, 14012, 16, 4, 49.06, 2640, 39
2026/08/23 03:03:39.643, 14012, 16, 4, 49.45, 2640, 39
2026/08/23 03:03:39.858, 14012, 16, 4, 49.08, 2640, 39
2026/08/23 03:03:40.073, 14012, 16, 4, 49.02, 2640, 39
2026/08/23 03:03:40.289, 14012, 0, 0, 48.96, 2640, 40
2026/08/23 03:03:40.505, 14012, 0, 0, 48.95, 2655, 39
2026/08/23 03:03:40.721, 14012, 0, 0, 49.24, 2640, 39
2026/08/23 03:03:40.937, 14012, 0, 0, 49.27, 2640, 39
2026/08/23 03:03:41.153, 14012, 0, 0, 48.91, 2640, 39
2026/08/23 03:03:41.369, 14012, 0, 0, 49.18, 2655, 41
2026/08/23 03:03:41.585, 14012, 0, 0, 48.85, 2655, 39
2026/08/23 03:03:41.801, 14012, 0, 0, 48.84, 2640, 39
2026/08/23 03:03:42.016, 14012, 0, 0, 49.13, 2640, 39
2026/08/23 03:03:42.231, 14012, 0, 0, 49.18, 2640, 39
2026/08/23 03:03:42.447, 14012, 0, 0, 49.11, 2655, 40
2026/08/23 03:03:42.663, 14012, 0, 0, 48.81, 2640, 39
2026/08/23 03:03:42.879, 14012, 0, 0, 48.84, 2640, 39
2026/08/23 03:03:43.095, 14012, 0, 0, 48.86, 2640, 39
2026/08/23 03:03:43.311, 14012, 0, 0, 49.26, 2640, 39
2026/08/23 03:03:43.526, 14012, 0, 0, 49.03, 2640, 40
2026/08/23 03:03:43.742, 14012, 0, 0, 48.99, 2655, 39
2026/08/23 03:03:43.957, 14012, 0, 0, 48.98, 2640, 39
2026/08/23 03:03:44.173, 14012, 0, 0, 49.03, 2640, 39
2026/08/23 03:03:44.388, 14012, 0, 0, 48.96, 2640, 39
2026/08/23 03:03:44.604, 14012, 0, 0, 48.87, 2640, 40
2026/08/23 03:03:44.821, 14012, 0, 1, 49.16, 2655, 39
2026/08/23 03:03:45.037, 14012, 0, 1, 49.12, 2640, 39
2026/08/23 03:03:45.253, 14012, 0, 0, 49.19, 2640, 39
2026/08/23 03:03:45.469, 14012, 0, 0, 48.84, 2640, 39
2026/08/23 03:03:45.685, 14012, 0, 0, 49.14, 2655, 39
2026/08/23 03:03:45.902, 14012, 0, 0, 48.83, 2640, 39
2026/08/23 03:03:46.117, 14012, 0, 0, 48.83, 2640, 39
2026/08/23 03:03:46.334, 14012, 0, 0, 48.81, 2640, 39
2026/08/23 03:03:46.548, 14012, 0, 0, 49.19, 2640, 39
2026/08/23 03:03:46.764, 14012, 0, 0, 48.84, 2640, 40
2026/08/23 03:03:46.980, 14012, 0, 0, 49.24, 2655, 39
2026/08/23 03:03:47.196, 14012, 0, 0, 49.26, 2640, 39
2026/08/23 03:03:47.412, 14012, 0, 0, 48.81, 2640, 39
2026/08/23 03:03:47.629, 14012, 0, 0, 49.11, 2640, 39
2026/08/23 03:03:47.845, 14012, 0, 0, 49.06, 2640, 40
2026/08/23 03:03:48.061, 14012, 0, 0, 48.67, 2655, 39
2026/08/23 03:03:48.278, 14012, 0, 0, 49.04, 2640, 39
2026/08/23 03:03:48.494, 14012, 0, 0, 48.69, 2640, 39
2026/08/23 03:03:48.711, 14012, 0, 0, 49.06, 2640, 39
2026/08/23 03:03:48.927, 14012, 0, 0, 49.09, 2655, 40
2026/08/23 03:03:49.144, 14012, 0, 0, 49.55, 2640, 39
2026/08/23 03:03:49.360, 14012, 0, 0, 49.16, 2640, 39
2026/08/23 03:03:49.576, 14012, 0, 0, 49.58, 2640, 39
2026/08/23 03:03:49.792, 14012, 0, 0, 49.15, 2640, 39
2026/08/23 03:03:50.007, 14012, 0, 0, 47.98, 2640, 39
2026/08/23 03:03:50.225, 14012, 0, 1, 49.37, 2655, 39
2026/08/23 03:03:50.441, 14012, 0, 1, 49.33, 2640, 39
2026/08/23 03:03:50.657, 14012, 0, 1, 49.38, 2640, 39
2026/08/23 03:03:50.874, 14012, 0, 1, 49.41, 2640, 39
2026/08/23 03:03:51.090, 14012, 0, 1, 49.03, 2640, 39
2026/08/23 03:03:51.306, 14012, 0, 0, 49.54, 2640, 40
2026/08/23 03:03:51.522, 14012, 0, 0, 49.49, 2662, 39
2026/08/23 03:03:51.737, 14012, 0, 0, 49.09, 2640, 39
2026/08/23 03:03:51.953, 14012, 0, 0, 49.15, 2640, 39
2026/08/23 03:03:52.170, 14012, 0, 0, 49.53, 2647, 39
2026/08/23 03:03:52.385, 14012, 0, 0, 44.97, 2640, 38
2026/08/23 03:03:52.600, 14012, 0, 0, 49.72, 2640, 39
2026/08/23 03:03:52.816, 14012, 0, 0, 49.21, 2655, 39
2026/08/23 03:03:53.032, 14012, 0, 0, 49.62, 2640, 38
2026/08/23 03:03:53.247, 14012, 0, 0, 49.60, 2647, 38
2026/08/23 03:03:53.463, 14012, 0, 0, 49.55, 2640, 38
2026/08/23 03:03:53.678, 14012, 0, 0, 44.78, 2640, 38
2026/08/23 03:03:53.893, 14012, 0, 0, 49.39, 2655, 39
2026/08/23 03:03:54.109, 14012, 0, 0, 49.30, 2647, 38
2026/08/23 03:03:54.325, 14012, 0, 0, 48.89, 2647, 38
2026/08/23 03:03:54.541, 14012, 0, 0, 48.94, 2640, 38
2026/08/23 03:03:54.756, 14012, 0, 0, 48.96, 2640, 38
2026/08/23 03:03:54.972, 14012, 0, 0, 49.16, 2647, 41
2026/08/23 03:03:55.188, 14012, 0, 0, 49.25, 2647, 38
2026/08/23 03:03:55.404, 14012, 0, 0, 49.27, 2640, 38
2026/08/23 03:03:55.621, 14012, 0, 0, 49.26, 2640, 38
2026/08/23 03:03:55.836, 14012, 0, 0, 49.21, 2640, 38
2026/08/23 03:03:56.051, 14012, 0, 0, 44.89, 2640, 38
2026/08/23 03:03:56.267, 14012, 16, 4, 49.01, 2655, 39
2026/08/23 03:03:56.484, 14012, 16, 4, 48.62, 2640, 38
2026/08/23 03:03:56.700, 14012, 16, 4, 48.56, 2640, 38
2026/08/23 03:03:56.916, 14012, 16, 4, 49.03, 2640, 38
2026/08/23 03:03:57.132, 14012, 16, 4, 48.69, 2640, 38
2026/08/23 03:03:57.347, 14012, 0, 0, 49.15, 2640, 44
2026/08/23 03:03:57.563, 14012, 0, 0, 49.23, 2655, 38
2026/08/23 03:03:57.779, 14012, 0, 0, 49.24, 2640, 38
2026/08/23 03:03:57.996, 14012, 0, 0, 48.91, 2640, 38
2026/08/23 03:03:58.212, 14012, 0, 0, 48.90, 2647, 38
2026/08/23 03:03:58.427, 14012, 0, 0, 44.91, 2640, 38
2026/08/23 03:03:58.642, 14012, 0, 0, 49.14, 2655, 39
2026/08/23 03:03:58.858, 14012, 0, 0, 49.11, 2655, 38
2026/08/23 03:03:59.074, 14012, 0, 0, 49.09, 2640, 38
2026/08/23 03:03:59.291, 14012, 0, 0, 49.12, 2640, 38
2026/08/23 03:03:59.507, 14012, 0, 0, 48.71, 2640, 38
2026/08/23 03:03:59.723, 14012, 0, 0, 49.04, 2640, 43
2026/08/23 03:03:59.939, 14012, 0, 0, 48.71, 2655, 38
2026/08/23 03:04:00.154, 14012, 0, 0, 49.04, 2640, 38
2026/08/23 03:04:00.369, 14012, 0, 0, 48.75, 2640, 38
2026/08/23 03:04:00.586, 14012, 0, 0, 49.22, 2640, 38
2026/08/23 03:04:00.801, 14012, 0, 0, 48.81, 2640, 38
2026/08/23 03:04:01.017, 14012, 0, 0, 49.12, 2640, 38
2026/08/23 03:04:01.233, 14012, 0, 0, 48.74, 2655, 38
2026/08/23 03:04:01.450, 14012, 0, 0, 49.03, 2640, 38
2026/08/23 03:04:01.666, 14012, 0, 0, 49.03, 2640, 38
2026/08/23 03:04:01.882, 14012, 0, 0, 48.99, 2640, 38
2026/08/23 03:04:02.097, 14012, 0, 0, 44.79, 2640, 38
2026/08/23 03:04:02.315, 14012, 16, 4, 48.76, 2655, 38
2026/08/23 03:04:02.531, 14012, 16, 4, 48.77, 2640, 38
2026/08/23 03:04:02.747, 14012, 0, 0, 49.16, 2640, 38
2026/08/23 03:04:02.963, 14012, 0, 0, 49.10, 2640, 38
2026/08/23 03:04:03.179, 14012, 0, 0, 48.71, 2640, 38
2026/08/23 03:04:03.396, 14012, 0, 0, 49.00, 2655, 38
2026/08/23 03:04:03.612, 14012, 0, 0, 49.06, 2640, 38
2026/08/23 03:04:03.828, 14012, 0, 0, 49.07, 2640, 38
2026/08/23 03:04:04.044, 14012, 0, 0, 48.76, 2640, 38
2026/08/23 03:04:04.260, 14012, 0, 0, 48.75, 2640, 38
2026/08/23 03:04:04.475, 14012, 0, 0, 44.84, 2640, 38
2026/08/23 03:04:04.692, 14012, 0, 0, 48.60, 2655, 38
2026/08/23 03:04:04.908, 14012, 0, 0, 48.61, 2640, 38
2026/08/23 03:04:05.123, 14012, 0, 0, 48.91, 2640, 38
2026/08/23 03:04:05.339, 14012, 0, 0, 48.62, 2640, 38
2026/08/23 03:04:05.556, 14012, 0, 0, 48.60, 2640, 38
2026/08/23 03:04:05.772, 14012, 0, 0, 48.86, 2640, 38
2026/08/23 03:04:05.989, 14012, 0, 0, 48.60, 2655, 38
2026/08/23 03:04:06.205, 14012, 0, 0, 48.94, 2640, 38
2026/08/23 03:04:06.422, 14012, 0, 0, 48.99, 2640, 38
2026/08/23 03:04:06.638, 14012, 0, 0, 49.00, 2640, 38
2026/08/23 03:04:06.853, 14012, 0, 0, 44.83, 2640, 38
2026/08/23 03:04:07.068, 14012, 0, 0, 48.86, 2640, 38
2026/08/23 03:04:07.284, 14012, 0, 0, 48.41, 2655, 38
2026/08/23 03:04:07.501, 14012, 0, 0, 48.72, 2640, 38
2026/08/23 03:04:07.716, 14012, 0, 0, 48.69, 2640, 38
2026/08/23 03:04:07.932, 14012, 0, 0, 48.31, 2640, 38
2026/08/23 03:04:08.149, 14012, 0, 0, 49.08, 2655, 38
2026/08/23 03:04:08.365, 14012, 0, 0, 48.84, 2655, 38
2026/08/23 03:04:08.582, 14012, 0, 0, 49.28, 2640, 38
2026/08/23 03:04:08.798, 14012, 0, 0, 48.85, 2640, 38
2026/08/23 03:04:09.015, 14012, 0, 0, 48.87, 2640, 38
2026/08/23 03:04:09.231, 14012, 0, 0, 44.60, 2640, 38
2026/08/23 03:04:09.447, 14012, 0, 0, 45.69, 2640, 38
2026/08/23 03:04:09.665, 14012, 0, 0, 48.64, 2655, 38
2026/08/23 03:04:09.881, 14012, 0, 0, 49.01, 2640, 38
2026/08/23 03:04:10.097, 14012, 0, 0, 49.04, 2640, 38
2026/08/23 03:04:10.314, 14012, 0, 0, 48.62, 2640, 38
2026/08/23 03:04:10.530, 14012, 0, 0, 47.54, 2640, 38
2026/08/23 03:04:10.745, 14012, 0, 0, 44.53, 2640, 38
2026/08/23 03:04:10.962, 14012, 0, 0, 48.69, 2655, 38
2026/08/23 03:04:11.178, 14012, 0, 0, 49.06, 2640, 38
2026/08/23 03:04:11.394, 14012, 0, 0, 48.69, 2640, 38
2026/08/23 03:04:11.609, 14012, 0, 0, 48.71, 2640, 38
2026/08/23 03:04:11.825, 14012, 0, 0, 48.71, 2640, 37
2026/08/23 03:04:12.039, 14012, 0, 0, 44.59, 2640, 37
2026/08/23 03:04:12.256, 14012, 18, 4, 48.95, 2655, 38
2026/08/23 03:04:12.472, 14012, 18, 4, 48.99, 2640, 38
2026/08/23 03:04:12.688, 14012, 18, 4, 49.48, 2640, 37
2026/08/23 03:04:12.903, 14012, 18, 4, 49.39, 2640, 37
2026/08/23 03:04:13.119, 14012, 18, 4, 48.99, 2640, 37
2026/08/23 03:04:13.334, 14012, 0, 0, 44.55, 2640, 37
2026/08/23 03:04:13.550, 14012, 0, 0, 48.72, 2640, 38
2026/08/23 03:04:13.766, 14012, 0, 1, 48.72, 2655, 38
2026/08/23 03:04:13.982, 14012, 0, 1, 48.67, 2640, 37
2026/08/23 03:04:14.198, 14012, 0, 1, 48.70, 2640, 37
2026/08/23 03:04:14.414, 14012, 0, 1, 48.72, 2640, 37
2026/08/23 03:04:14.629, 14012, 0, 1, 44.56, 2640, 37
2026/08/23 03:04:14.845, 14012, 0, 0, 48.40, 2640, 38
2026/08/23 03:04:15.061, 14012, 0, 0, 48.86, 2655, 37
2026/08/23 03:04:15.277, 14012, 0, 0, 48.81, 2640, 37
2026/08/23 03:04:15.493, 14012, 0, 0, 48.84, 2640, 37
2026/08/23 03:04:15.708, 14012, 0, 0, 48.42, 2640, 37
2026/08/23 03:04:15.923, 14012, 0, 0, 44.46, 2640, 37
2026/08/23 03:04:16.139, 14012, 0, 0, 48.33, 2655, 38
2026/08/23 03:04:16.356, 14012, 0, 0, 48.71, 2655, 37
2026/08/23 03:04:16.572, 14012, 0, 0, 48.69, 2640, 37
2026/08/23 03:04:16.789, 14012, 0, 0, 48.77, 2640, 37
2026/08/23 03:04:17.005, 14012, 0, 0, 47.96, 2640, 37
2026/08/23 03:04:17.221, 14012, 0, 0, 44.42, 2640, 37
2026/08/23 03:04:17.436, 14012, 0, 0, 48.70, 2655, 38
2026/08/23 03:04:17.653, 14012, 0, 0, 48.30, 2640, 37
2026/08/23 03:04:17.868, 14012, 0, 0, 48.24, 2640, 37
2026/08/23 03:04:18.084, 14012, 0, 0, 48.22, 2640, 37
2026/08/23 03:04:18.300, 14012, 0, 0, 48.66, 2647, 37
2026/08/23 03:04:18.516, 14012, 0, 0, 44.23, 2640, 37
2026/08/23 03:04:18.732, 14012, 0, 0, 48.53, 2640, 40
2026/08/23 03:04:18.948, 14012, 0, 0, 48.60, 2655, 37
2026/08/23 03:04:19.164, 14012, 0, 0, 48.67, 2640, 37
2026/08/23 03:04:19.380, 14012, 0, 0, 48.35, 2640, 37
2026/08/23 03:04:19.597, 14012, 0, 0, 48.80, 2640, 37
2026/08/23 03:04:19.813, 14012, 0, 0, 44.38, 2640, 37
2026/08/23 03:04:20.029, 14012, 0, 0, 48.54, 2640, 41
2026/08/23 03:04:20.246, 14012, 0, 1, 48.53, 2655, 37
2026/08/23 03:04:20.462, 14012, 0, 1, 48.54, 2640, 37
2026/08/23 03:04:20.679, 14012, 0, 1, 48.19, 2640, 37
2026/08/23 03:04:20.895, 14012, 0, 1, 48.15, 2640, 37
2026/08/23 03:04:21.110, 14012, 0, 1, 44.36, 2647, 37
2026/08/23 03:04:21.326, 14012, 0, 0, 44.23, 2647, 37
2026/08/23 03:04:21.544, 14012, 0, 0, 48.16, 2655, 37
2026/08/23 03:04:21.760, 14012, 0, 0, 48.19, 2640, 37
2026/08/23 03:04:21.976, 14012, 0, 0, 48.63, 2640, 37
2026/08/23 03:04:22.192, 14012, 0, 0, 48.67, 2647, 37
2026/08/23 03:04:22.409, 14013, 0, 0, 48.37, 2647, 37
2026/08/23 03:04:22.626, 14013, 0, 0, 44.49, 2640, 37
2026/08/23 03:04:22.842, 14013, 0, 0, 48.83, 2640, 37
2026/08/23 03:04:23.061, 14013, 0, 0, 48.84, 2655, 37
2026/08/23 03:04:23.278, 14014, 1, 0, 48.54, 2647, 37
2026/08/23 03:04:23.495, 14013, 1, 0, 48.99, 2640, 37
2026/08/23 03:04:23.711, 14013, 0, 0, 48.57, 2640, 37
2026/08/23 03:04:23.926, 14013, 0, 0, 44.58, 2640, 37
2026/08/23 03:04:24.141, 14013, 0, 0, 48.81, 2655, 38
2026/08/23 03:04:24.359, 14012, 0, 0, 48.41, 2655, 37
2026/08/23 03:04:24.576, 14012, 0, 0, 48.31, 2640, 37
2026/08/23 03:04:24.793, 14012, 0, 0, 48.31, 2640, 37
2026/08/23 03:04:25.009, 14012, 0, 0, 48.59, 2640, 37
2026/08/23 03:04:25.225, 14012, 0, 0, 44.29, 2640, 37
2026/08/23 03:04:25.440, 14012, 0, 0, 44.33, 2640, 37
2026/08/23 03:04:25.656, 14012, 0, 0, 48.15, 2655, 38
2026/08/23 03:04:25.871, 14012, 0, 0, 48.15, 2640, 37
2026/08/23 03:04:26.087, 14012, 0, 0, 48.14, 2640, 37
2026/08/23 03:04:26.303, 14012, 0, 0, 48.19, 2640, 37
2026/08/23 03:04:26.519, 14012, 0, 0, 48.16, 2640, 37
2026/08/23 03:04:26.734, 14012, 0, 0, 44.36, 2640, 37
2026/08/23 03:04:26.949, 14012, 0, 0, 48.46, 2655, 38
2026/08/23 03:04:27.165, 14012, 0, 0, 48.24, 2640, 37
2026/08/23 03:04:27.381, 14012, 0, 0, 48.22, 2640, 37
2026/08/23 03:04:27.596, 14012, 0, 0, 48.27, 2640, 37
2026/08/23 03:04:27.812, 14012, 0, 0, 48.76, 2640, 37
2026/08/23 03:04:28.027, 14012, 0, 0, 44.59, 2640, 37
2026/08/23 03:04:28.243, 14012, 0, 0, 48.67, 2640, 40
2026/08/23 03:04:28.459, 14012, 0, 0, 48.71, 2655, 37
2026/08/23 03:04:28.675, 14012, 0, 0, 48.63, 2640, 37
2026/08/23 03:04:28.890, 14012, 0, 0, 48.15, 2640, 37
2026/08/23 03:04:29.107, 14012, 0, 0, 48.17, 2640, 37
2026/08/23 03:04:29.322, 14012, 0, 0, 44.33, 2640, 37
2026/08/23 03:04:29.538, 14012, 0, 0, 48.77, 2640, 37
2026/08/23 03:04:29.754, 14012, 0, 0, 48.91, 2662, 37
2026/08/23 03:04:29.970, 14012, 0, 0, 48.95, 2640, 37
2026/08/23 03:04:30.186, 14012, 0, 0, 49.06, 2640, 37
2026/08/23 03:04:30.402, 14012, 0, 0, 49.04, 2640, 37
2026/08/23 03:04:30.618, 14012, 0, 0, 44.39, 2640, 37
2026/08/23 03:04:30.833, 14012, 0, 0, 44.41, 2640, 37
2026/08/23 03:04:31.048, 14012, 0, 0, 48.67, 2640, 39
2026/08/23 03:04:31.265, 14012, 0, 1, 48.74, 2655, 37
2026/08/23 03:04:31.482, 14012, 0, 1, 48.42, 2640, 37
2026/08/23 03:04:31.697, 14012, 0, 1, 48.45, 2640, 37
2026/08/23 03:04:31.914, 14012, 0, 1, 48.90, 2640, 37
2026/08/23 03:04:32.129, 14012, 0, 1, 44.50, 2640, 37
2026/08/23 03:04:32.344, 14012, 0, 0, 44.37, 2640, 37
2026/08/23 03:04:32.559, 14012, 0, 0, 48.86, 2640, 38
2026/08/23 03:04:32.776, 14012, 0, 0, 48.52, 2655, 37
2026/08/23 03:04:32.992, 14012, 0, 0, 48.48, 2640, 37
2026/08/23 03:04:33.208, 14012, 0, 0, 48.95, 2640, 37
2026/08/23 03:04:33.424, 14012, 0, 0, 48.59, 2640, 37
2026/08/23 03:04:33.640, 14012, 0, 0, 44.40, 2640, 37
2026/08/23 03:04:33.855, 14012, 0, 0, 44.52, 2640, 37
2026/08/23 03:04:34.071, 14012, 0, 0, 48.91, 2640, 37
2026/08/23 03:04:34.287, 14012, 0, 0, 48.98, 2655, 37
2026/08/23 03:04:34.503, 14012, 0, 0, 49.39, 2640, 37
2026/08/23 03:04:34.719, 14012, 0, 0, 49.30, 2640, 36
2026/08/23 03:04:34.935, 14012, 0, 0, 48.85, 2640, 37
2026/08/23 03:04:35.152, 14012, 0, 0, 44.49, 2647, 36
2026/08/23 03:04:35.367, 14012, 0, 0, 45.59, 2647, 37
2026/08/23 03:04:35.584, 14012, 0, 0, 48.48, 2655, 37
2026/08/23 03:04:35.800, 14012, 0, 1, 48.88, 2640, 37
2026/08/23 03:04:36.016, 14012, 0, 1, 48.41, 2640, 36
2026/08/23 03:04:36.231, 14012, 0, 1, 48.81, 2640, 36
2026/08/23 03:04:36.448, 14012, 0, 1, 47.24, 2640, 36
2026/08/23 03:04:36.663, 14012, 0, 1, 44.21, 2640, 36
2026/08/23 03:04:36.878, 14012, 0, 1, 48.47, 2655, 38
2026/08/23 03:04:37.094, 14012, 0, 1, 48.10, 2655, 37
2026/08/23 03:04:37.311, 14012, 0, 0, 48.50, 2640, 36
2026/08/23 03:04:37.527, 14012, 0, 0, 48.60, 2640, 36
2026/08/23 03:04:37.743, 14012, 0, 0, 48.62, 2640, 36
2026/08/23 03:04:37.958, 14012, 0, 0, 44.30, 2640, 36
2026/08/23 03:04:38.173, 14012, 0, 0, 44.29, 2640, 36
2026/08/23 03:04:38.388, 14012, 0, 0, 48.60, 2655, 37
2026/08/23 03:04:38.604, 14012, 0, 0, 48.58, 2655, 36
2026/08/23 03:04:38.821, 14012, 0, 1, 48.17, 2640, 36
2026/08/23 03:04:39.037, 14012, 0, 1, 48.16, 2640, 36
2026/08/23 03:04:39.252, 14012, 0, 0, 48.19, 2640, 36
2026/08/23 03:04:39.469, 14012, 0, 0, 44.26, 2647, 36
2026/08/23 03:04:39.685, 14012, 0, 0, 44.18, 2640, 38
2026/08/23 03:04:39.902, 14012, 0, 0, 48.59, 2655, 37
2026/08/23 03:04:40.118, 14012, 0, 0, 48.11, 2640, 36
2026/08/23 03:04:40.334, 14012, 0, 0, 48.10, 2640, 36
2026/08/23 03:04:40.550, 14012, 0, 0, 48.05, 2640, 36
2026/08/23 03:04:40.765, 14012, 0, 0, 47.99, 2640, 36
2026/08/23 03:04:40.980, 14012, 0, 0, 43.90, 2640, 36
2026/08/23 03:04:41.196, 14012, 0, 0, 48.25, 2655, 37
2026/08/23 03:04:41.412, 14012, 0, 0, 47.85, 2640, 36
2026/08/23 03:04:41.629, 14012, 0, 0, 47.89, 2640, 36
2026/08/23 03:04:41.846, 14012, 0, 0, 48.34, 2640, 36
2026/08/23 03:04:42.062, 14012, 0, 0, 48.00, 2640, 36
2026/08/23 03:04:42.278, 14012, 0, 0, 44.08, 2647, 36
2026/08/23 03:04:42.493, 14012, 0, 0, 44.03, 2640, 36
2026/08/23 03:04:42.709, 14012, 16, 4, 47.96, 2655, 37
2026/08/23 03:04:42.925, 14012, 16, 4, 48.44, 2640, 36
2026/08/23 03:04:43.141, 14012, 16, 4, 48.13, 2640, 36
2026/08/23 03:04:43.357, 14012, 16, 4, 48.16, 2640, 36
2026/08/23 03:04:43.573, 14012, 16, 4, 48.56, 2640, 36
2026/08/23 03:04:43.789, 14012, 0, 0, 44.23, 2640, 36
2026/08/23 03:04:44.006, 14012, 0, 0, 47.90, 2640, 41
2026/08/23 03:04:44.222, 14012, 0, 1, 48.26, 2655, 36
2026/08/23 03:04:44.438, 14012, 0, 1, 48.30, 2640, 36
2026/08/23 03:04:44.654, 14012, 0, 1, 47.95, 2640, 36
2026/08/23 03:04:44.870, 14012, 0, 1, 48.41, 2640, 36
2026/08/23 03:04:45.087, 14012, 0, 1, 44.32, 2640, 36
2026/08/23 03:04:45.302, 14012, 0, 0, 44.23, 2640, 36
2026/08/23 03:04:45.517, 14012, 0, 0, 48.50, 2640, 37
2026/08/23 03:04:45.734, 14012, 0, 0, 48.10, 2655, 36
2026/08/23 03:04:45.949, 14012, 0, 0, 48.08, 2640, 36
2026/08/23 03:04:46.166, 14012, 0, 0, 48.06, 2647, 36
2026/08/23 03:04:46.382, 14012, 0, 0, 47.98, 2640, 36
2026/08/23 03:04:46.599, 14012, 0, 0, 47.95, 2640, 36
2026/08/23 03:04:46.814, 14012, 0, 0, 43.95, 2640, 36
2026/08/23 03:04:47.029, 14012, 0, 0, 48.29, 2640, 37
2026/08/23 03:04:47.245, 14012, 0, 1, 47.96, 2662, 36
2026/08/23 03:04:47.461, 14012, 0, 1, 47.97, 2640, 36
2026/08/23 03:04:47.677, 14012, 0, 1, 47.91, 2640, 36
2026/08/23 03:04:47.894, 14012, 0, 1, 48.00, 2640, 36
2026/08/23 03:04:48.110, 14012, 0, 1, 43.91, 2640, 36
2026/08/23 03:04:48.325, 14012, 0, 0, 48.06, 2640, 36
2026/08/23 03:04:48.542, 14012, 0, 0, 47.83, 2655, 36
2026/08/23 03:04:48.759, 14012, 0, 0, 47.93, 2640, 36
2026/08/23 03:04:48.975, 14012, 0, 0, 47.98, 2640, 36
2026/08/23 03:04:49.191, 14012, 0, 0, 48.04, 2640, 36
2026/08/23 03:04:49.406, 14012, 0, 0, 44.25, 2640, 36
2026/08/23 03:04:49.621, 14012, 0, 0, 44.12, 2640, 36
2026/08/23 03:04:49.836, 14012, 0, 0, 48.24, 2640, 40
2026/08/23 03:04:50.051, 14012, 0, 0, 47.89, 2655, 36
2026/08/23 03:04:50.267, 14012, 0, 1, 48.26, 2640, 36
2026/08/23 03:04:50.483, 14012, 0, 1, 47.96, 2640, 36
2026/08/23 03:04:50.699, 14012, 0, 1, 47.97, 2640, 36
2026/08/23 03:04:50.915, 14012, 0, 1, 44.11, 2640, 36
2026/08/23 03:04:51.131, 14012, 0, 1, 44.10, 2640, 36
2026/08/23 03:04:51.346, 14012, 0, 0, 48.11, 2640, 43
2026/08/23 03:04:51.562, 14012, 0, 0, 48.14, 2655, 36
2026/08/23 03:04:51.778, 14012, 0, 0, 48.11, 2640, 36
2026/08/23 03:04:51.994, 14012, 0, 0, 47.72, 2640, 36
2026/08/23 03:04:52.210, 14012, 0, 0, 47.77, 2640, 36
2026/08/23 03:04:52.427, 14012, 0, 0, 44.02, 2640, 36
2026/08/23 03:04:52.643, 14012, 0, 0, 43.99, 2640, 36
2026/08/23 03:04:52.858, 14012, 0, 0, 48.77, 2640, 37
2026/08/23 03:04:53.075, 14012, 0, 0, 48.36, 2655, 36
2026/08/23 03:04:53.293, 14012, 0, 1, 48.42, 2640, 36
2026/08/23 03:04:53.509, 14012, 0, 1, 48.46, 2640, 36
2026/08/23 03:04:53.725, 14012, 0, 0, 48.70, 2640, 36
2026/08/23 03:04:53.941, 14012, 0, 0, 44.05, 2640, 36
2026/08/23 03:04:54.157, 14012, 0, 0, 43.96, 2640, 36
2026/08/23 03:04:54.373, 14012, 0, 0, 48.24, 2655, 40
2026/08/23 03:04:54.590, 14012, 0, 0, 48.40, 2655, 36
2026/08/23 03:04:54.806, 14012, 0, 0, 47.93, 2640, 36
2026/08/23 03:04:55.022, 14012, 0, 0, 48.35, 2640, 36
2026/08/23 03:04:55.237, 14012, 0, 0, 48.01, 2640, 36
2026/08/23 03:04:55.453, 14012, 0, 0, 44.06, 2640, 36
2026/08/23 03:04:55.669, 14012, 0, 0, 43.99, 2640, 36
2026/08/23 03:04:55.885, 14012, 0, 0, 44.09, 2655, 36
2026/08/23 03:04:56.101, 14012, 0, 0, 48.21, 2655, 36
2026/08/23 03:04:56.317, 14012, 0, 0, 48.65, 2640, 36
2026/08/23 03:04:56.533, 14012, 0, 0, 48.65, 2640, 36
2026/08/23 03:04:56.749, 14012, 0, 0, 48.24, 2640, 36
2026/08/23 03:04:56.965, 14012, 0, 0, 48.28, 2640, 36
2026/08/23 03:04:57.181, 14012, 0, 0, 44.11, 2640, 36
2026/08/23 03:04:57.396, 14012, 0, 0, 44.08, 2640, 36
2026/08/23 03:04:57.611, 14012, 0, 0, 48.78, 2662, 36
2026/08/23 03:04:57.827, 14012, 0, 0, 48.63, 2662, 36
2026/08/23 03:04:58.044, 14012, 0, 0, 48.50, 2640, 36
2026/08/23 03:04:58.260, 14012, 0, 0, 48.00, 2640, 36
2026/08/23 03:04:58.476, 14012, 0, 0, 48.22, 2640, 36
2026/08/23 03:04:58.692, 14012, 0, 0, 43.42, 2640, 36
2026/08/23 03:04:58.907, 14012, 0, 0, 43.38, 2640, 36
2026/08/23 03:04:59.122, 14012, 0, 0, 47.42, 2655, 37
2026/08/23 03:04:59.338, 14012, 18, 4, 47.86, 2655, 36
2026/08/23 03:04:59.554, 14012, 18, 4, 47.88, 2640, 36
2026/08/23 03:04:59.770, 14012, 0, 0, 47.87, 2640, 36
2026/08/23 03:04:59.985, 14012, 0, 0, 47.90, 2640, 36
2026/08/23 03:05:00.201, 14012, 0, 0, 47.51, 2640, 36
2026/08/23 03:05:00.416, 14012, 0, 0, 43.30, 2640, 36
2026/08/23 03:05:00.632, 14012, 0, 0, 43.31, 2640, 36
2026/08/23 03:05:00.849, 14012, 0, 0, 47.31, 2640, 36
2026/08/23 03:05:01.065, 14012, 0, 0, 47.37, 2655, 36
2026/08/23 03:05:01.281, 14012, 0, 1, 47.90, 2640, 36
2026/08/23 03:05:01.497, 14012, 0, 1, 47.56, 2640, 36
2026/08/23 03:05:01.713, 14012, 0, 0, 47.60, 2640, 36
2026/08/23 03:05:01.929, 14012, 0, 0, 43.56, 2640, 36
2026/08/23 03:05:02.145, 14012, 0, 0, 43.54, 2640, 36
2026/08/23 03:05:02.360, 14012, 0, 0, 47.29, 2640, 37
2026/08/23 03:05:02.576, 14012, 0, 0, 47.25, 2655, 36
2026/08/23 03:05:02.792, 14012, 0, 0, 47.55, 2640, 36
2026/08/23 03:05:03.008, 14012, 0, 0, 47.61, 2640, 36
2026/08/23 03:05:03.224, 14012, 0, 0, 47.27, 2647, 36
2026/08/23 03:05:03.441, 14012, 0, 0, 43.41, 2640, 36
2026/08/23 03:05:03.656, 14012, 0, 0, 43.41, 2640, 36
2026/08/23 03:05:03.872, 14012, 0, 0, 46.92, 2655, 36
2026/08/23 03:05:04.089, 14012, 0, 0, 47.48, 2655, 36
2026/08/23 03:05:04.305, 14012, 0, 1, 47.55, 2640, 36
2026/08/23 03:05:04.521, 14012, 0, 1, 47.96, 2640, 36
2026/08/23 03:05:04.737, 14012, 0, 0, 47.94, 2640, 36
2026/08/23 03:05:04.953, 14012, 0, 0, 44.44, 2640, 36
2026/08/23 03:05:05.169, 14012, 0, 0, 43.59, 2640, 36
2026/08/23 03:05:05.385, 14012, 0, 0, 43.51, 2640, 40
2026/08/23 03:05:05.602, 14012, 0, 0, 47.85, 2640, 36
2026/08/23 03:05:05.818, 14012, 0, 0, 47.74, 2655, 36
2026/08/23 03:05:06.034, 14012, 0, 0, 47.35, 2640, 36
2026/08/23 03:05:06.249, 14012, 0, 0, 47.35, 2640, 36
2026/08/23 03:05:06.466, 14012, 0, 0, 47.37, 2640, 36
2026/08/23 03:05:06.682, 14012, 0, 0, 43.42, 2640, 36
2026/08/23 03:05:06.898, 14012, 0, 0, 43.44, 2640, 36
2026/08/23 03:05:07.113, 14012, 0, 0, 47.84, 2655, 36
2026/08/23 03:05:07.330, 14012, 0, 1, 47.87, 2655, 36
2026/08/23 03:05:07.545, 14012, 0, 1, 47.50, 2640, 36
2026/08/23 03:05:07.762, 14012, 0, 0, 47.46, 2640, 36
2026/08/23 03:05:07.978, 14012, 0, 0, 47.47, 2640, 36
2026/08/23 03:05:08.194, 14012, 0, 0, 43.60, 2640, 36
2026/08/23 03:05:08.409, 14012, 0, 0, 43.56, 2640, 36
2026/08/23 03:05:08.624, 14012, 0, 0, 47.76, 2655, 37
2026/08/23 03:05:08.840, 14012, 0, 1, 47.72, 2655, 36
2026/08/23 03:05:09.056, 14012, 0, 1, 47.38, 2640, 36
2026/08/23 03:05:09.273, 14012, 0, 0, 47.31, 2647, 36
2026/08/23 03:05:09.488, 14012, 0, 0, 47.66, 2640, 36
2026/08/23 03:05:09.705, 14012, 0, 0, 43.33, 2640, 36
2026/08/23 03:05:09.921, 14012, 0, 0, 43.38, 2640, 36
2026/08/23 03:05:10.137, 14012, 0, 0, 47.68, 2655, 42
2026/08/23 03:05:10.353, 14012, 16, 4, 47.43, 2655, 36
2026/08/23 03:05:10.569, 14012, 16, 4, 47.81, 2640, 36
2026/08/23 03:05:10.785, 14012, 0, 0, 47.51, 2640, 36
2026/08/23 03:05:11.002, 14012, 0, 0, 48.01, 2640, 36
2026/08/23 03:05:11.218, 14012, 0, 0, 43.66, 2640, 36
2026/08/23 03:05:11.434, 14012, 0, 0, 43.57, 2640, 36
2026/08/23 03:05:11.649, 14012, 0, 0, 43.58, 2640, 36
2026/08/23 03:05:11.866, 14012, 0, 0, 47.89, 2640, 37
2026/08/23 03:05:12.082, 14012, 0, 0, 47.54, 2655, 36
2026/08/23 03:05:12.299, 14012, 0, 0, 48.00, 2640, 36
2026/08/23 03:05:12.515, 14012, 0, 0, 47.54, 2640, 36
2026/08/23 03:05:12.731, 14012, 0, 0, 43.64, 2640, 36
2026/08/23 03:05:12.947, 14012, 0, 0, 43.56, 2640, 36
2026/08/23 03:05:13.163, 14012, 0, 0, 43.57, 2640, 36
2026/08/23 03:05:13.378, 14012, 0, 0, 47.67, 2655, 37
2026/08/23 03:05:13.595, 14012, 0, 0, 47.29, 2655, 36
2026/08/23 03:05:13.812, 14012, 0, 0, 47.58, 2640, 36
2026/08/23 03:05:14.028, 14012, 0, 0, 47.60, 2647, 36
2026/08/23 03:05:14.245, 14012, 0, 0, 47.53, 2640, 36
2026/08/23 03:05:14.461, 14012, 0, 0, 43.32, 2640, 36
2026/08/23 03:05:14.676, 14012, 0, 0, 43.34, 2640, 36
2026/08/23 03:05:14.891, 14012, 0, 0, 47.51, 2655, 37
2026/08/23 03:05:15.108, 14012, 0, 0, 47.29, 2655, 37
2026/08/23 03:05:15.323, 14012, 0, 1, 47.74, 2640, 36
2026/08/23 03:05:15.539, 14012, 0, 1, 47.71, 2640, 36
2026/08/23 03:05:15.755, 14012, 0, 0, 47.39, 2640, 36
2026/08/23 03:05:15.971, 14012, 0, 0, 43.50, 2640, 36
2026/08/23 03:05:16.187, 14012, 0, 0, 43.47, 2640, 36
2026/08/23 03:05:16.404, 14012, 0, 0, 47.69, 2655, 38
2026/08/23 03:05:16.620, 14012, 0, 0, 47.40, 2640, 37
2026/08/23 03:05:16.836, 14012, 0, 0, 47.82, 2640, 36
2026/08/23 03:05:17.052, 14012, 0, 0, 47.90, 2640, 36
2026/08/23 03:05:17.268, 14012, 0, 0, 47.88, 2647, 36
2026/08/23 03:05:17.483, 14012, 0, 0, 47.49, 2640, 36
2026/08/23 03:05:17.699, 14012, 0, 0, 43.76, 2640, 36
2026/08/23 03:05:17.915, 14012, 0, 0, 44.35, 2640, 36
2026/08/23 03:05:18.131, 14012, 0, 0, 48.14, 2662, 37
2026/08/23 03:05:18.348, 14012, 0, 1, 47.73, 2662, 37
2026/08/23 03:05:18.563, 14012, 0, 1, 48.04, 2640, 37
2026/08/23 03:05:18.779, 14012, 0, 0, 47.67, 2640, 37
2026/08/23 03:05:18.995, 14012, 0, 0, 47.35, 2640, 36
2026/08/23 03:05:19.212, 14012, 0, 0, 43.47, 2640, 36
2026/08/23 03:05:19.427, 14012, 0, 0, 43.47, 2640, 36
2026/08/23 03:05:19.642, 14012, 0, 0, 45.87, 2647, 36
2026/08/23 03:05:19.858, 14012, 0, 0, 47.83, 2647, 37
2026/08/23 03:05:20.075, 14012, 0, 0, 47.89, 2647, 37
2026/08/23 03:05:20.291, 14012, 0, 0, 47.94, 2640, 37
2026/08/23 03:05:20.507, 14012, 0, 0, 47.88, 2640, 37
2026/08/23 03:05:20.723, 14012, 0, 0, 45.11, 2640, 37
2026/08/23 03:05:20.939, 14012, 0, 0, 43.41, 2640, 37
2026/08/23 03:05:21.154, 14012, 0, 0, 43.37, 2640, 37
2026/08/23 03:05:21.370, 14012, 0, 0, 45.94, 2655, 37
2026/08/23 03:05:21.586, 14012, 0, 0, 47.71, 2655, 37
2026/08/23 03:05:21.802, 14012, 0, 1, 48.22, 2640, 37
2026/08/23 03:05:22.018, 14012, 0, 1, 47.84, 2640, 37
2026/08/23 03:05:22.234, 14012, 0, 0, 48.31, 2640, 37
2026/08/23 03:05:22.450, 14012, 0, 0, 45.61, 2640, 37
2026/08/23 03:05:22.666, 14012, 0, 0, 43.62, 2640, 37
2026/08/23 03:05:22.882, 14012, 0, 0, 43.92, 2685, 37
2026/08/23 03:05:23.097, 14012, 0, 0, 44.14, 2685, 41
2026/08/23 03:05:23.313, 14012, 25, 4, 48.83, 2685, 37
2026/08/23 03:05:23.530, 14012, 25, 4, 49.44, 2670, 37
2026/08/23 03:05:23.746, 14012, 6, 0, 49.40, 2670, 37
2026/08/23 03:05:23.963, 14012, 6, 0, 48.95, 2670, 37
2026/08/23 03:05:24.179, 14012, 6, 0, 48.89, 2670, 37
2026/08/23 03:05:24.395, 14012, 6, 0, 44.44, 2670, 37
2026/08/23 03:05:24.612, 14012, 6, 0, 44.36, 2670, 37
2026/08/23 03:05:24.827, 14012, 4, 0, 44.38, 2670, 37
2026/08/23 03:05:25.042, 14012, 4, 0, 44.36, 2662, 37
2026/08/23 03:05:25.260, 14012, 22, 4, 48.83, 2685, 37
2026/08/23 03:05:25.476, 14012, 22, 4, 48.44, 2662, 37
2026/08/23 03:05:25.693, 14012, 22, 4, 48.82, 2662, 37
2026/08/23 03:05:25.909, 14012, 22, 4, 48.42, 2662, 37
2026/08/23 03:05:26.125, 14012, 22, 4, 48.39, 2662, 37
2026/08/23 03:05:26.340, 14012, 5, 0, 44.21, 2662, 37
2026/08/23 03:05:26.556, 14012, 5, 0, 44.16, 2662, 37
2026/08/23 03:05:26.771, 14012, 3, 0, 44.16, 2662, 37
2026/08/23 03:05:26.985, 14012, 3, 0, 44.07, 2655, 37
2026/08/23 03:05:27.201, 14017, 3, 0, 48.09, 2677, 37
2026/08/23 03:05:27.420, 14017, 3, 0, 47.97, 2647, 37
2026/08/23 03:05:27.638, 14017, 3, 0, 47.81, 2640, 37
2026/08/23 03:05:27.856, 14017, 0, 0, 47.98, 2640, 37
2026/08/23 03:05:28.073, 14018, 0, 0, 47.97, 2640, 37
2026/08/23 03:05:28.289, 14018, 1, 0, 43.44, 2647, 37
2026/08/23 03:05:28.505, 14018, 1, 0, 43.53, 2640, 37
2026/08/23 03:05:28.721, 14018, 1, 0, 43.71, 2655, 37
2026/08/23 03:05:28.936, 14018, 1, 0, 48.08, 2662, 38
2026/08/23 03:05:29.154, 14017, 1, 0, 47.83, 2655, 37
2026/08/23 03:05:29.372, 14017, 1, 0, 48.22, 2640, 37
2026/08/23 03:05:29.589, 14017, 1, 0, 48.21, 2640, 37
2026/08/23 03:05:29.805, 14017, 0, 0, 48.01, 2647, 37
2026/08/23 03:05:30.021, 14017, 0, 0, 43.76, 2640, 37
2026/08/23 03:05:30.238, 14017, 0, 0, 43.84, 2662, 37
2026/08/23 03:05:30.453, 14017, 0, 0, 43.92, 2640, 37
2026/08/23 03:05:30.669, 14017, 0, 0, 48.22, 2655, 37
2026/08/23 03:05:30.886, 14017, 0, 0, 47.96, 2640, 37
2026/08/23 03:05:31.102, 14017, 0, 0, 48.27, 2640, 37
2026/08/23 03:05:31.318, 14017, 0, 0, 47.86, 2647, 37
2026/08/23 03:05:31.534, 14017, 0, 0, 48.24, 2640, 37
2026/08/23 03:05:31.750, 14017, 0, 0, 43.93, 2640, 37
2026/08/23 03:05:31.966, 14017, 0, 0, 43.94, 2640, 37
2026/08/23 03:05:32.181, 14017, 0, 0, 43.89, 2647, 37
2026/08/23 03:05:32.397, 14017, 0, 0, 48.18, 2655, 37
2026/08/23 03:05:32.613, 14013, 0, 0, 48.34, 2647, 37
2026/08/23 03:05:32.829, 14013, 1, 0, 48.49, 2647, 37
2026/08/23 03:05:33.044, 14013, 1, 0, 48.45, 2655, 37
2026/08/23 03:05:33.260, 14013, 0, 0, 48.49, 2647, 37
2026/08/23 03:05:33.476, 14013, 0, 0, 44.18, 2647, 37
2026/08/23 03:05:33.693, 14013, 0, 0, 44.01, 2640, 37
2026/08/23 03:05:33.908, 14013, 0, 0, 43.82, 2640, 37
2026/08/23 03:05:34.123, 14013, 0, 0, 47.73, 2655, 37
2026/08/23 03:05:34.339, 14013, 0, 0, 48.11, 2655, 37
2026/08/23 03:05:34.555, 14013, 0, 0, 48.02, 2640, 37
2026/08/23 03:05:34.771, 14013, 0, 0, 47.67, 2640, 37
2026/08/23 03:05:34.987, 14013, 0, 0, 48.13, 2640, 37
2026/08/23 03:05:35.203, 14013, 0, 0, 43.88, 2640, 37
2026/08/23 03:05:35.419, 14013, 0, 0, 44.10, 2655, 37
2026/08/23 03:05:35.635, 14013, 0, 0, 44.21, 2655, 37
2026/08/23 03:05:35.849, 14013, 0, 0, 48.57, 2655, 38
2026/08/23 03:05:36.065, 14013, 0, 0, 48.10, 2662, 37
2026/08/23 03:05:36.282, 14013, 0, 0, 48.47, 2640, 37
2026/08/23 03:05:36.499, 14013, 0, 0, 48.21, 2640, 37
2026/08/23 03:05:36.716, 14013, 1, 0, 47.70, 2640, 37
2026/08/23 03:05:36.932, 14013, 1, 0, 43.70, 2647, 37
2026/08/23 03:05:37.148, 14013, 1, 0, 43.75, 2647, 37
2026/08/23 03:05:37.364, 14013, 1, 0, 43.75, 2647, 37
2026/08/23 03:05:37.579, 14013, 1, 0, 48.19, 2640, 38
2026/08/23 03:05:37.796, 14013, 0, 0, 47.86, 2655, 37
2026/08/23 03:05:38.012, 14013, 0, 0, 47.87, 2640, 37
2026/08/23 03:05:38.228, 14013, 0, 0, 48.28, 2640, 37
2026/08/23 03:05:38.444, 14013, 0, 0, 47.92, 2640, 37
2026/08/23 03:05:38.660, 14013, 0, 0, 43.99, 2640, 37
2026/08/23 03:05:38.876, 14013, 0, 0, 43.98, 2640, 37
2026/08/23 03:05:39.092, 14013, 0, 0, 44.01, 2640, 41
2026/08/23 03:05:39.307, 14013, 0, 0, 48.20, 2655, 37
2026/08/23 03:05:39.524, 14013, 0, 0, 48.20, 2640, 37
2026/08/23 03:05:39.740, 14013, 0, 0, 47.74, 2647, 37
2026/08/23 03:05:39.956, 14013, 0, 0, 47.72, 2640, 37
2026/08/23 03:05:40.173, 14013, 0, 0, 47.72, 2640, 37
2026/08/23 03:05:40.389, 14013, 0, 0, 43.79, 2640, 37
2026/08/23 03:05:40.606, 14013, 0, 0, 43.78, 2640, 37
2026/08/23 03:05:40.821, 14013, 0, 0, 48.02, 2647, 39
2026/08/23 03:05:41.036, 14013, 0, 0, 48.07, 2655, 37
2026/08/23 03:05:41.252, 14013, 0, 0, 47.67, 2640, 37
2026/08/23 03:05:41.468, 14013, 0, 0, 47.68, 2640, 37
2026/08/23 03:05:41.683, 14013, 0, 0, 48.04, 2640, 37
2026/08/23 03:05:41.899, 14013, 0, 0, 47.65, 2640, 37
2026/08/23 03:05:42.116, 14013, 0, 0, 43.74, 2640, 37
2026/08/23 03:05:42.332, 14013, 0, 0, 43.72, 2640, 37
2026/08/23 03:05:42.547, 14013, 0, 0, 47.92, 2640, 38
2026/08/23 03:05:42.762, 14013, 0, 0, 47.98, 2655, 37
2026/08/23 03:05:42.978, 14013, 0, 0, 47.64, 2640, 37
2026/08/23 03:05:43.194, 14013, 0, 0, 47.75, 2640, 37
2026/08/23 03:05:43.409, 14013, 0, 0, 48.25, 2640, 37
2026/08/23 03:05:43.625, 14013, 0, 0, 44.01, 2640, 37
2026/08/23 03:05:43.841, 14013, 0, 0, 43.99, 2640, 37
2026/08/23 03:05:44.056, 14013, 0, 0, 43.98, 2640, 37
2026/08/23 03:05:44.271, 14013, 0, 0, 48.08, 2655, 38
2026/08/23 03:05:44.487, 14013, 0, 0, 47.72, 2640, 37
2026/08/23 03:05:44.703, 14013, 0, 0, 48.00, 2640, 37
2026/08/23 03:05:44.920, 14013, 0, 0, 48.00, 2640, 37
2026/08/23 03:05:45.136, 14013, 0, 0, 47.66, 2640, 37
2026/08/23 03:05:45.351, 14013, 0, 0, 43.77, 2640, 37
2026/08/23 03:05:45.568, 14013, 0, 0, 43.77, 2640, 37
2026/08/23 03:05:45.783, 14013, 0, 0, 43.75, 2640, 37
2026/08/23 03:05:45.998, 14013, 0, 0, 48.31, 2655, 37
2026/08/23 03:05:46.214, 14013, 0, 0, 48.29, 2647, 37
2026/08/23 03:05:46.431, 14013, 0, 0, 47.93, 2640, 37
2026/08/23 03:05:46.646, 14013, 0, 0, 47.88, 2640, 37
2026/08/23 03:05:46.863, 14013, 0, 0, 47.53, 2640, 37
2026/08/23 03:05:47.079, 14013, 0, 0, 43.74, 2640, 37
2026/08/23 03:05:47.295, 14013, 0, 0, 43.70, 2640, 37
2026/08/23 03:05:47.510, 14013, 0, 0, 43.69, 2640, 37
2026/08/23 03:05:47.725, 14013, 0, 0, 48.05, 2640, 38
2026/08/23 03:05:47.941, 14013, 0, 0, 48.13, 2655, 37
2026/08/23 03:05:48.157, 14013, 0, 0, 48.14, 2640, 37
2026/08/23 03:05:48.373, 14013, 0, 0, 48.18, 2640, 37
2026/08/23 03:05:48.589, 14013, 0, 0, 47.80, 2640, 37
2026/08/23 03:05:48.806, 14013, 0, 0, 43.79, 2640, 37
2026/08/23 03:05:49.021, 14013, 0, 0, 43.77, 2640, 37
2026/08/23 03:05:49.238, 14013, 0, 0, 43.76, 2640, 37
2026/08/23 03:05:49.453, 14013, 0, 0, 43.77, 2640, 37
2026/08/23 03:05:49.669, 14013, 0, 0, 48.31, 2655, 38
2026/08/23 03:05:49.885, 14013, 0, 0, 48.40, 2640, 37
2026/08/23 03:05:50.101, 14013, 0, 0, 47.97, 2640, 37
2026/08/23 03:05:50.317, 14013, 0, 0, 48.00, 2640, 37
2026/08/23 03:05:50.533, 14013, 0, 0, 48.01, 2647, 37
2026/08/23 03:05:50.749, 14013, 0, 0, 43.84, 2640, 37
2026/08/23 03:05:50.964, 14013, 0, 0, 43.81, 2640, 37
2026/08/23 03:05:51.180, 14013, 0, 0, 43.85, 2647, 37
2026/08/23 03:05:51.396, 14013, 0, 0, 48.66, 2655, 38
2026/08/23 03:05:51.612, 14013, 0, 0, 48.76, 2640, 37
2026/08/23 03:05:51.828, 14013, 0, 0, 48.29, 2640, 37
2026/08/23 03:05:52.044, 14013, 0, 0, 48.70, 2640, 37
2026/08/23 03:05:52.260, 14013, 0, 0, 48.30, 2640, 37
2026/08/23 03:05:52.476, 14013, 0, 0, 43.98, 2640, 37
2026/08/23 03:05:52.693, 14013, 0, 0, 43.86, 2640, 37
2026/08/23 03:05:52.909, 14013, 0, 0, 43.86, 2640, 37
2026/08/23 03:05:53.125, 14013, 0, 0, 48.28, 2655, 37
2026/08/23 03:05:53.341, 14013, 0, 0, 48.27, 2655, 38
2026/08/23 03:05:53.557, 14013, 0, 0, 48.24, 2640, 37
2026/08/23 03:05:53.773, 14013, 0, 0, 48.20, 2640, 37
2026/08/23 03:05:53.989, 14013, 0, 0, 47.77, 2640, 37
2026/08/23 03:05:54.205, 14013, 0, 0, 43.61, 2640, 37
2026/08/23 03:05:54.420, 14013, 0, 0, 43.57, 2640, 37
2026/08/23 03:05:54.636, 14013, 0, 0, 43.61, 2640, 37
2026/08/23 03:05:54.852, 14013, 0, 0, 43.59, 2640, 37
2026/08/23 03:05:55.067, 14013, 0, 0, 47.94, 2640, 38
2026/08/23 03:05:55.283, 14013, 0, 0, 47.63, 2655, 37
2026/08/23 03:05:55.499, 14013, 0, 0, 47.63, 2640, 37
2026/08/23 03:05:55.715, 14013, 0, 0, 47.62, 2640, 37
2026/08/23 03:05:55.931, 14013, 0, 0, 47.70, 2640, 37
2026/08/23 03:05:56.147, 14013, 0, 0, 43.77, 2640, 37
2026/08/23 03:05:56.362, 14013, 0, 0, 43.69, 2640, 37
2026/08/23 03:05:56.577, 14013, 0, 0, 43.67, 2640, 37
2026/08/23 03:05:56.793, 14013, 15, 4, 46.42, 2640, 38
2026/08/23 03:05:57.009, 14013, 15, 4, 47.89, 2655, 38
2026/08/23 03:05:57.225, 14013, 0, 0, 47.96, 2647, 37
2026/08/23 03:05:57.442, 14013, 0, 0, 47.62, 2640, 37
2026/08/23 03:05:57.658, 14013, 0, 0, 47.67, 2640, 37
2026/08/23 03:05:57.875, 14013, 0, 0, 45.25, 2640, 37
2026/08/23 03:05:58.092, 14013, 0, 0, 43.84, 2640, 37
2026/08/23 03:05:58.309, 14012, 0, 0, 43.84, 2640, 37
2026/08/23 03:05:58.524, 14012, 0, 0, 43.84, 2640, 37
2026/08/23 03:05:58.740, 14012, 0, 0, 48.22, 2655, 38
2026/08/23 03:05:58.957, 14012, 0, 0, 48.30, 2640, 38
2026/08/23 03:05:59.173, 14012, 0, 0, 48.27, 2640, 37
2026/08/23 03:05:59.389, 14012, 0, 0, 47.90, 2640, 37
2026/08/23 03:05:59.606, 14012, 0, 0, 44.04, 2640, 37
2026/08/23 03:05:59.821, 14012, 0, 0, 44.05, 2640, 37
2026/08/23 03:06:00.037, 14012, 0, 0, 44.05, 2640, 37
2026/08/23 03:06:00.252, 14012, 0, 0, 44.14, 2647, 37
2026/08/23 03:06:00.468, 14012, 0, 0, 48.42, 2647, 40
2026/08/23 03:06:00.685, 14012, 0, 0, 48.06, 2647, 38
2026/08/23 03:06:00.901, 14012, 0, 0, 48.54, 2647, 37
2026/08/23 03:06:01.118, 14012, 0, 0, 48.37, 2640, 37
2026/08/23 03:06:01.334, 14012, 0, 0, 47.97, 2640, 37
2026/08/23 03:06:01.551, 14012, 0, 0, 44.09, 2640, 37
2026/08/23 03:06:01.768, 14012, 0, 0, 44.06, 2640, 37
2026/08/23 03:06:01.985, 14012, 0, 0, 44.04, 2640, 37
2026/08/23 03:06:02.201, 14012, 0, 0, 44.11, 2640, 37
2026/08/23 03:06:02.419, 14012, 0, 0, 48.41, 2655, 38
2026/08/23 03:06:02.635, 14012, 0, 0, 48.51, 2640, 38
2026/08/23 03:06:02.851, 14012, 0, 0, 48.51, 2640, 37
2026/08/23 03:06:03.067, 14012, 0, 0, 48.48, 2640, 37
2026/08/23 03:06:03.283, 14012, 0, 0, 48.12, 2640, 37
2026/08/23 03:06:03.499, 14012, 0, 0, 44.19, 2640, 38
2026/08/23 03:06:03.715, 14012, 0, 0, 44.10, 2640, 37
2026/08/23 03:06:03.930, 14012, 0, 0, 44.08, 2640, 37
2026/08/23 03:06:04.146, 14012, 0, 0, 48.24, 2655, 39
2026/08/23 03:06:04.362, 14012, 0, 0, 47.92, 2655, 38
2026/08/23 03:06:04.578, 14012, 0, 0, 48.31, 2640, 38
2026/08/23 03:06:04.794, 14012, 0, 0, 48.33, 2640, 38
2026/08/23 03:06:05.011, 14012, 0, 0, 47.90, 2640, 38
2026/08/23 03:06:05.227, 14012, 0, 0, 44.00, 2640, 38
2026/08/23 03:06:05.443, 14012, 0, 0, 44.01, 2640, 38
2026/08/23 03:06:05.659, 14012, 0, 0, 44.09, 2647, 38
2026/08/23 03:06:05.875, 14012, 0, 0, 44.07, 2640, 37
2026/08/23 03:06:06.092, 14012, 0, 0, 48.46, 2640, 38
2026/08/23 03:06:06.309, 14012, 0, 0, 48.50, 2655, 38
2026/08/23 03:06:06.526, 14012, 0, 0, 48.48, 2640, 38
2026/08/23 03:06:06.742, 14012, 0, 0, 48.06, 2640, 38
2026/08/23 03:06:06.957, 14012, 0, 0, 48.10, 2640, 38
2026/08/23 03:06:07.174, 14012, 0, 0, 44.08, 2640, 38
2026/08/23 03:06:07.390, 14012, 0, 0, 44.13, 2640, 38
2026/08/23 03:06:07.605, 14012, 0, 0, 44.18, 2640, 37
2026/08/23 03:06:07.821, 14012, 16, 4, 48.58, 2640, 38
2026/08/23 03:06:08.037, 14012, 16, 4, 48.24, 2655, 38
2026/08/23 03:06:08.253, 14012, 0, 0, 48.58, 2640, 38
2026/08/23 03:06:08.470, 14012, 0, 0, 48.19, 2640, 38
2026/08/23 03:06:08.685, 14012, 0, 0, 48.13, 2640, 38
2026/08/23 03:06:08.900, 14012, 0, 0, 44.25, 2640, 38
2026/08/23 03:06:09.116, 14012, 0, 0, 44.17, 2640, 38
2026/08/23 03:06:09.333, 14012, 0, 0, 44.24, 2640, 38
2026/08/23 03:06:09.549, 14012, 0, 0, 48.43, 2640, 44
2026/08/23 03:06:09.766, 14012, 0, 0, 48.52, 2655, 38
2026/08/23 03:06:09.982, 14012, 0, 0, 48.18, 2640, 38
2026/08/23 03:06:10.198, 14012, 0, 0, 48.19, 2640, 38
2026/08/23 03:06:10.414, 14012, 0, 0, 48.12, 2640, 38
2026/08/23 03:06:10.631, 14012, 0, 0, 44.30, 2640, 38
2026/08/23 03:06:10.847, 14012, 0, 0, 44.16, 2640, 38
2026/08/23 03:06:11.064, 14012, 0, 0, 44.14, 2640, 38
2026/08/23 03:06:11.279, 14012, 0, 0, 44.17, 2640, 38
2026/08/23 03:06:11.495, 14012, 0, 0, 48.03, 2655, 38
2026/08/23 03:06:11.711, 14012, 0, 0, 48.49, 2640, 38
2026/08/23 03:06:11.927, 14012, 0, 0, 48.53, 2640, 38
2026/08/23 03:06:12.143, 14012, 0, 0, 48.21, 2640, 38
2026/08/23 03:06:12.359, 14012, 0, 0, 48.56, 2640, 38
2026/08/23 03:06:12.575, 14012, 0, 0, 44.39, 2640, 38
2026/08/23 03:06:12.790, 14012, 0, 0, 44.38, 2640, 38
2026/08/23 03:06:13.006, 14012, 0, 0, 44.43, 2640, 38
2026/08/23 03:06:13.221, 14012, 16, 4, 48.54, 2640, 46
2026/08/23 03:06:13.437, 14012, 16, 4, 48.57, 2655, 38
2026/08/23 03:06:13.653, 14012, 16, 4, 48.22, 2640, 38
2026/08/23 03:06:13.869, 14012, 16, 4, 48.48, 2640, 38
2026/08/23 03:06:14.085, 14012, 16, 4, 48.06, 2640, 38
2026/08/23 03:06:14.302, 14012, 0, 0, 48.08, 2640, 38
2026/08/23 03:06:14.518, 14012, 0, 0, 44.13, 2640, 38
2026/08/23 03:06:14.734, 14012, 0, 0, 44.19, 2640, 38
2026/08/23 03:06:14.949, 14012, 0, 0, 44.19, 2640, 38
2026/08/23 03:06:15.165, 14012, 0, 0, 48.81, 2655, 38
2026/08/23 03:06:15.381, 14012, 0, 0, 48.95, 2640, 38
2026/08/23 03:06:15.597, 14012, 0, 0, 48.56, 2640, 38
2026/08/23 03:06:15.813, 14012, 0, 0, 49.03, 2640, 38
2026/08/23 03:06:16.029, 14012, 0, 0, 48.66, 2640, 38
2026/08/23 03:06:16.245, 14012, 0, 0, 44.53, 2640, 38
2026/08/23 03:06:16.461, 14012, 0, 0, 44.41, 2640, 38
2026/08/23 03:06:16.677, 14012, 0, 0, 44.45, 2640, 38
2026/08/23 03:06:16.891, 14012, 0, 0, 44.47, 2640, 38
2026/08/23 03:06:17.107, 14012, 0, 0, 48.53, 2640, 38
2026/08/23 03:06:17.323, 14012, 0, 0, 48.91, 2655, 38
2026/08/23 03:06:17.539, 14012, 0, 0, 48.90, 2640, 38
2026/08/23 03:06:17.755, 14012, 0, 0, 48.96, 2640, 38
2026/08/23 03:06:17.972, 14012, 0, 0, 48.95, 2640, 38
2026/08/23 03:06:18.188, 14012, 0, 0, 44.62, 2640, 38
2026/08/23 03:06:18.404, 14012, 0, 0, 44.56, 2640, 38
2026/08/23 03:06:18.620, 14012, 0, 0, 44.49, 2640, 38
2026/08/23 03:06:18.836, 14012, 0, 0, 44.44, 2640, 38
2026/08/23 03:06:19.051, 14012, 0, 0, 48.62, 2640, 39
2026/08/23 03:06:19.268, 14012, 0, 0, 49.03, 2655, 38
2026/08/23 03:06:19.484, 14012, 0, 0, 48.64, 2640, 38
2026/08/23 03:06:19.701, 14012, 0, 0, 48.69, 2640, 38
2026/08/23 03:06:19.917, 14012, 0, 0, 48.73, 2640, 38
2026/08/23 03:06:20.133, 14012, 0, 0, 44.62, 2640, 38
2026/08/23 03:06:20.349, 14012, 0, 0, 44.57, 2640, 38
2026/08/23 03:06:20.566, 14012, 0, 0, 44.56, 2640, 38
2026/08/23 03:06:20.781, 14012, 0, 0, 44.52, 2640, 38
2026/08/23 03:06:20.996, 14012, 0, 0, 49.34, 2655, 38
2026/08/23 03:06:21.212, 14012, 0, 0, 49.28, 2640, 38
2026/08/23 03:06:21.429, 14012, 0, 0, 49.33, 2640, 38
2026/08/23 03:06:21.645, 14012, 0, 0, 49.31, 2640, 38
2026/08/23 03:06:21.861, 14012, 0, 0, 49.32, 2640, 38
2026/08/23 03:06:22.077, 14012, 0, 0, 44.56, 2640, 38
2026/08/23 03:06:22.292, 14012, 0, 0, 44.59, 2640, 38
2026/08/23 03:06:22.509, 14012, 0, 0, 44.51, 2640, 38
2026/08/23 03:06:22.724, 14012, 0, 0, 44.51, 2640, 38
2026/08/23 03:06:22.939, 14012, 0, 0, 49.00, 2655, 38
2026/08/23 03:06:23.155, 14012, 0, 0, 48.57, 2640, 38
2026/08/23 03:06:23.370, 14012, 0, 0, 48.88, 2640, 38
2026/08/23 03:06:23.586, 14012, 0, 0, 48.45, 2640, 38
2026/08/23 03:06:23.802, 14012, 0, 0, 48.84, 2640, 38
2026/08/23 03:06:24.018, 14012, 0, 0, 44.27, 2647, 38
2026/08/23 03:06:24.234, 14012, 0, 0, 44.25, 2640, 38
2026/08/23 03:06:24.451, 14012, 0, 0, 44.23, 2640, 38
2026/08/23 03:06:24.666, 14012, 0, 0, 44.17, 2640, 38
2026/08/23 03:06:24.882, 14012, 0, 0, 48.50, 2655, 39
2026/08/23 03:06:25.097, 14012, 0, 0, 48.58, 2655, 38
2026/08/23 03:06:25.314, 14012, 0, 0, 48.21, 2640, 38
2026/08/23 03:06:25.529, 14012, 0, 0, 48.59, 2640, 38
2026/08/23 03:06:25.745, 14012, 0, 0, 48.61, 2640, 38
2026/08/23 03:06:25.961, 14012, 0, 0, 44.25, 2647, 38
2026/08/23 03:06:26.177, 14012, 0, 0, 44.28, 2640, 38
2026/08/23 03:06:26.393, 14012, 0, 0, 44.29, 2640, 38
2026/08/23 03:06:26.609, 14012, 0, 0, 44.32, 2640, 38
2026/08/23 03:06:26.826, 14012, 16, 4, 48.52, 2640, 38
2026/08/23 03:06:27.041, 14012, 16, 4, 48.56, 2655, 38
2026/08/23 03:06:27.258, 14012, 0, 0, 48.53, 2640, 38
2026/08/23 03:06:27.474, 14012, 0, 0, 48.59, 2640, 38
2026/08/23 03:06:27.691, 14012, 0, 0, 48.63, 2640, 38
2026/08/23 03:06:27.907, 14012, 0, 0, 44.37, 2640, 38
2026/08/23 03:06:28.123, 14012, 0, 0, 44.41, 2640, 38
2026/08/23 03:06:28.339, 14012, 0, 0, 44.40, 2640, 38
2026/08/23 03:06:28.556, 14012, 0, 0, 44.40, 2640, 38
2026/08/23 03:06:28.772, 14012, 0, 0, 48.40, 2655, 38
2026/08/23 03:06:28.989, 14012, 0, 0, 48.43, 2640, 38
2026/08/23 03:06:29.205, 14012, 0, 0, 48.72, 2640, 38
2026/08/23 03:06:29.422, 14012, 0, 0, 48.70, 2640, 38
2026/08/23 03:06:29.638, 14012, 0, 0, 44.37, 2640, 38
2026/08/23 03:06:29.853, 14012, 0, 0, 44.25, 2640, 38
2026/08/23 03:06:30.070, 14012, 0, 0, 44.20, 2640, 38
2026/08/23 03:06:30.286, 14012, 0, 0, 44.18, 2640, 38
2026/08/23 03:06:30.501, 14012, 0, 0, 44.10, 2640, 38
2026/08/23 03:06:30.716, 14012, 0, 0, 48.37, 2655, 38
2026/08/23 03:06:30.933, 14012, 0, 0, 48.34, 2640, 38
2026/08/23 03:06:31.149, 14012, 0, 0, 48.31, 2640, 38
2026/08/23 03:06:31.364, 14012, 0, 0, 47.95, 2640, 38
2026/08/23 03:06:31.580, 14012, 0, 0, 48.34, 2640, 38
2026/08/23 03:06:31.796, 14012, 0, 0, 44.06, 2640, 38
2026/08/23 03:06:32.012, 14012, 0, 0, 44.02, 2640, 38
2026/08/23 03:06:32.228, 14012, 0, 0, 44.02, 2640, 38
2026/08/23 03:06:32.444, 14012, 0, 0, 43.97, 2640, 38
2026/08/23 03:06:32.659, 14012, 0, 0, 47.92, 2655, 38
2026/08/23 03:06:32.875, 14012, 0, 0, 48.24, 2640, 38
2026/08/23 03:06:33.092, 14012, 0, 0, 48.33, 2640, 38
2026/08/23 03:06:33.308, 14012, 0, 0, 48.37, 2640, 38
2026/08/23 03:06:33.524, 14012, 0, 0, 48.05, 2640, 38
2026/08/23 03:06:33.740, 14012, 0, 0, 44.13, 2640, 38
2026/08/23 03:06:33.956, 14012, 0, 0, 44.14, 2640, 38
2026/08/23 03:06:34.172, 14012, 0, 0, 44.17, 2640, 38
2026/08/23 03:06:34.388, 14012, 0, 0, 44.19, 2640, 41
2026/08/23 03:06:34.606, 14012, 0, 0, 48.43, 2640, 38
2026/08/23 03:06:34.822, 14012, 0, 0, 48.08, 2655, 38
2026/08/23 03:06:35.038, 14012, 0, 0, 48.07, 2640, 38
2026/08/23 03:06:35.254, 14012, 0, 0, 48.03, 2640, 38
2026/08/23 03:06:35.470, 14012, 0, 0, 44.18, 2640, 38
2026/08/23 03:06:35.686, 14012, 0, 0, 44.10, 2640, 38
2026/08/23 03:06:35.902, 14012, 0, 0, 44.03, 2640, 38
2026/08/23 03:06:36.118, 14012, 0, 0, 44.03, 2640, 38
2026/08/23 03:06:36.334, 14012, 0, 0, 44.12, 2640, 38
2026/08/23 03:06:36.549, 14012, 0, 0, 48.08, 2655, 38
2026/08/23 03:06:36.766, 14012, 0, 0, 48.54, 2640, 38
2026/08/23 03:06:36.981, 14012, 0, 0, 48.18, 2640, 38
2026/08/23 03:06:37.197, 14012, 0, 0, 48.63, 2640, 38
2026/08/23 03:06:37.413, 14012, 0, 0, 48.20, 2640, 38
2026/08/23 03:06:37.629, 14012, 0, 0, 44.18, 2640, 38
2026/08/23 03:06:37.846, 14012, 0, 0, 44.24, 2640, 38
2026/08/23 03:06:38.063, 14012, 0, 0, 44.21, 2647, 38
2026/08/23 03:06:38.278, 14012, 0, 0, 44.20, 2640, 38
2026/08/23 03:06:38.495, 14018, 0, 0, 48.14, 2655, 38
2026/08/23 03:06:38.713, 14023, 0, 0, 49.32, 2700, 38
2026/08/23 03:06:38.930, 14024, 5, 1, 50.29, 2752, 38
2026/08/23 03:06:39.147, 14024, 5, 1, 51.96, 2805, 38
2026/08/23 03:06:39.364, 14025, 5, 1, 54.40, 2805, 38
2026/08/23 03:06:39.582, 13998, 5, 1, 50.78, 2812, 38
2026/08/23 03:06:39.800, 14030, 18, 1, 52.33, 2805, 38
2026/08/23 03:06:40.019, 14030, 18, 1, 52.28, 2820, 38
2026/08/23 03:06:40.239, 14044, 5, 0, 50.90, 2692, 38
2026/08/23 03:06:40.456, 14046, 5, 0, 49.59, 2685, 38
2026/08/23 03:06:40.676, 14056, 5, 0, 52.03, 2685, 38
2026/08/23 03:06:40.893, 14055, 5, 0, 50.78, 2662, 38
2026/08/23 03:06:41.110, 14056, 5, 0, 50.01, 2677, 38
2026/08/23 03:06:41.328, 14056, 2, 0, 50.29, 2677, 38
2026/08/23 03:06:41.546, 14024, 2, 0, 49.84, 2715, 38
2026/08/23 03:06:41.764, 14030, 4, 0, 45.78, 2640, 38
2026/08/23 03:06:41.983, 14030, 4, 0, 45.94, 2685, 38
2026/08/23 03:06:42.201, 14029, 4, 0, 45.86, 2655, 38
2026/08/23 03:06:42.417, 14029, 4, 0, 44.87, 2640, 38
2026/08/23 03:06:42.632, 14028, 4, 0, 49.01, 2662, 39
2026/08/23 03:06:42.849, 14028, 2, 0, 48.57, 2662, 38
2026/08/23 03:06:43.065, 14028, 2, 0, 48.69, 2655, 38
2026/08/23 03:06:43.282, 14028, 0, 0, 48.77, 2647, 38
2026/08/23 03:06:43.500, 14028, 0, 0, 48.51, 2647, 38
2026/08/23 03:06:43.719, 14028, 0, 0, 44.48, 2647, 38
2026/08/23 03:06:43.936, 14028, 0, 0, 44.51, 2647, 38
2026/08/23 03:06:44.153, 14027, 0, 0, 44.65, 2655, 38
2026/08/23 03:06:44.369, 14027, 0, 0, 44.63, 2655, 38
2026/08/23 03:06:44.585, 14018, 0, 0, 44.51, 2655, 38
2026/08/23 03:06:44.801, 13998, 0, 0, 48.47, 2662, 38
2026/08/23 03:06:45.018, 13998, 0, 0, 48.70, 2655, 38
2026/08/23 03:06:45.235, 13998, 0, 0, 48.97, 2647, 38
2026/08/23 03:06:45.452, 13998, 0, 0, 48.90, 2640, 38
2026/08/23 03:06:45.668, 13998, 0, 0, 48.53, 2640, 38
2026/08/23 03:06:45.887, 13998, 0, 0, 44.67, 2655, 38
2026/08/23 03:06:46.104, 13998, 0, 0, 44.72, 2655, 38
2026/08/23 03:06:46.320, 13998, 0, 0, 44.68, 2647, 38
2026/08/23 03:06:46.537, 14003, 0, 0, 47.75, 2647, 38
2026/08/23 03:06:46.754, 14002, 0, 0, 49.57, 2677, 38
2026/08/23 03:06:46.969, 14002, 0, 0, 49.40, 2640, 38
2026/08/23 03:06:47.186, 14002, 0, 0, 49.34, 2640, 38
2026/08/23 03:06:47.402, 14002, 0, 0, 49.32, 2640, 38
2026/08/23 03:06:47.618, 14002, 0, 0, 46.07, 2640, 38
2026/08/23 03:06:47.834, 13999, 0, 0, 44.23, 2640, 38
2026/08/23 03:06:48.051, 13986, 0, 0, 44.43, 2640, 38
2026/08/23 03:06:48.268, 13987, 2, 0, 44.62, 2662, 38
2026/08/23 03:06:48.484, 13986, 2, 0, 44.78, 2655, 38
2026/08/23 03:06:48.700, 13986, 2, 0, 49.29, 2677, 39
2026/08/23 03:06:48.918, 13971, 2, 0, 50.33, 2692, 38
2026/08/23 03:06:49.137, 14002, 2, 0, 50.36, 2737, 38
2026/08/23 03:06:49.355, 14020, 7, 1, 50.77, 2737, 38
2026/08/23 03:06:49.573, 14021, 7, 1, 52.03, 2707, 38
2026/08/23 03:06:49.791, 14022, 0, 0, 47.75, 2737, 38
2026/08/23 03:06:50.010, 14024, 0, 0, 48.29, 2700, 38
2026/08/23 03:06:50.227, 14025, 4, 1, 48.77, 2767, 38
2026/08/23 03:06:50.444, 14025, 4, 1, 49.10, 2752, 38
2026/08/23 03:06:50.660, 14024, 4, 1, 48.69, 2700, 38
2026/08/23 03:06:50.875, 14024, 4, 1, 52.85, 2655, 39
2026/08/23 03:06:51.091, 14024, 4, 1, 51.27, 2655, 38
2026/08/23 03:06:51.309, 14024, 0, 0, 49.61, 2640, 38
2026/08/23 03:06:51.526, 14023, 0, 0, 48.76, 2640, 38
2026/08/23 03:06:51.743, 14021, 0, 0, 48.88, 2647, 38
2026/08/23 03:06:51.959, 14022, 0, 0, 44.45, 2640, 38
2026/08/23 03:06:52.176, 14022, 0, 0, 44.98, 2692, 38
2026/08/23 03:06:52.393, 14022, 0, 0, 45.79, 2730, 38
2026/08/23 03:06:52.610, 13999, 0, 0, 46.44, 2692, 38
2026/08/23 03:06:52.827, 14102, 6, 1, 47.35, 2692, 38
2026/08/23 03:06:53.044, 14113, 6, 1, 52.91, 2745, 39
2026/08/23 03:06:53.262, 14116, 3, 1, 52.85, 2722, 39
2026/08/23 03:06:53.480, 14110, 3, 1, 53.48, 2760, 38
2026/08/23 03:06:53.698, 14111, 3, 1, 53.30, 2662, 38
2026/08/23 03:06:53.916, 14111, 3, 1, 53.59, 2775, 39
2026/08/23 03:06:54.134, 14114, 3, 1, 49.31, 2745, 38
2026/08/23 03:06:54.351, 14114, 18, 1, 49.88, 2745, 39
2026/08/23 03:06:54.568, 14105, 18, 1, 49.23, 2790, 38
2026/08/23 03:06:54.785, 14105, 0, 0, 49.01, 2647, 38
2026/08/23 03:06:55.001, 14105, 0, 0, 47.39, 2647, 38
2026/08/23 03:06:55.217, 14105, 1, 0, 51.66, 2737, 39
2026/08/23 03:06:55.434, 14105, 1, 0, 50.37, 2662, 38
2026/08/23 03:06:55.652, 14104, 1, 0, 50.48, 2692, 38
2026/08/23 03:06:55.869, 14104, 1, 0, 51.47, 2722, 38
2026/08/23 03:06:56.087, 14104, 1, 0, 51.45, 2722, 38
2026/08/23 03:06:56.304, 14104, 1, 0, 46.55, 2640, 38
2026/08/23 03:06:56.521, 14103, 1, 0, 47.95, 2722, 38
2026/08/23 03:06:56.738, 14103, 0, 0, 47.29, 2730, 38
2026/08/23 03:06:56.955, 14103, 0, 0, 46.14, 2640, 38
2026/08/23 03:06:57.171, 14103, 0, 0, 46.16, 2640, 38
2026/08/23 03:06:57.388, 14103, 0, 0, 50.08, 2655, 38
2026/08/23 03:06:57.605, 14102, 0, 0, 48.26, 2655, 38
2026/08/23 03:06:57.821, 14102, 0, 0, 48.68, 2640, 38
2026/08/23 03:06:58.037, 14102, 0, 0, 48.35, 2640, 38
2026/08/23 03:06:58.253, 14102, 0, 0, 48.41, 2640, 38
2026/08/23 03:06:58.469, 14102, 0, 0, 44.38, 2640, 38
2026/08/23 03:06:58.685, 14101, 0, 0, 44.31, 2640, 38
2026/08/23 03:06:58.902, 14101, 0, 0, 44.29, 2640, 38
2026/08/23 03:06:59.118, 14087, 0, 0, 44.32, 2640, 38
2026/08/23 03:06:59.334, 14078, 16, 4, 48.50, 2640, 39
2026/08/23 03:06:59.551, 14078, 16, 4, 48.23, 2655, 38
2026/08/23 03:06:59.767, 14078, 0, 0, 48.26, 2640, 38
2026/08/23 03:06:59.983, 14078, 0, 0, 48.62, 2640, 38
2026/08/23 03:07:00.199, 14078, 0, 0, 48.31, 2640, 38
2026/08/23 03:07:00.415, 14078, 0, 0, 44.43, 2640, 38
2026/08/23 03:07:00.631, 14078, 0, 0, 44.39, 2640, 38
2026/08/23 03:07:00.848, 14064, 0, 0, 44.34, 2640, 38
2026/08/23 03:07:01.065, 14064, 0, 0, 44.40, 2640, 38
2026/08/23 03:07:01.281, 14064, 0, 0, 44.41, 2640, 38
2026/08/23 03:07:01.497, 14064, 0, 0, 48.84, 2655, 38
2026/08/23 03:07:01.713, 14064, 0, 0, 48.42, 2640, 38
2026/08/23 03:07:01.929, 14064, 0, 0, 48.45, 2640, 38
2026/08/23 03:07:02.145, 14064, 0, 0, 48.80, 2640, 38
2026/08/23 03:07:02.362, 14064, 0, 0, 48.44, 2640, 38
2026/08/23 03:07:02.578, 14064, 0, 0, 44.49, 2640, 38
2026/08/23 03:07:02.795, 14064, 0, 0, 44.52, 2640, 38
2026/08/23 03:07:03.012, 14073, 0, 0, 46.43, 2730, 39
2026/08/23 03:07:03.229, 14073, 1, 0, 46.35, 2707, 38
2026/08/23 03:07:03.445, 14078, 1, 0, 52.35, 2730, 40
2026/08/23 03:07:03.662, 14078, 1, 0, 51.86, 2692, 38
2026/08/23 03:07:03.879, 14108, 1, 0, 52.10, 2707, 38
2026/08/23 03:07:04.098, 14110, 1, 0, 52.00, 2707, 38
2026/08/23 03:07:04.318, 14111, 7, 1, 52.39, 2737, 38
2026/08/23 03:07:04.536, 14112, 7, 1, 47.39, 2700, 38
2026/08/23 03:07:04.753, 14090, 3, 0, 48.22, 2707, 38
2026/08/23 03:07:04.970, 14068, 3, 0, 47.77, 2685, 38
2026/08/23 03:07:05.187, 14068, 3, 0, 46.56, 2670, 38
2026/08/23 03:07:05.405, 14030, 3, 0, 46.99, 2707, 38
2026/08/23 03:07:05.621, 14057, 3, 0, 51.12, 2722, 39
2026/08/23 03:07:05.839, 14081, 9, 1, 51.83, 2722, 39
2026/08/23 03:07:06.058, 14107, 9, 1, 52.38, 2730, 39
2026/08/23 03:07:06.277, 14124, 2, 0, 52.80, 2752, 39
2026/08/23 03:07:06.495, 14125, 2, 0, 53.04, 2700, 38
2026/08/23 03:07:06.712, 14125, 2, 0, 48.74, 2722, 38
2026/08/23 03:07:06.928, 14123, 2, 0, 47.65, 2647, 38
2026/08/23 03:07:07.144, 14123, 2, 0, 46.79, 2640, 38
2026/08/23 03:07:07.360, 14123, 0, 0, 45.59, 2640, 38
2026/08/23 03:07:07.576, 14123, 0, 0, 45.20, 2640, 38
2026/08/23 03:07:07.792, 14130, 19, 5, 49.21, 2655, 39
2026/08/23 03:07:08.011, 14165, 19, 5, 51.07, 2752, 39
2026/08/23 03:07:08.228, 14167, 1, 0, 50.73, 2715, 38
2026/08/23 03:07:08.445, 14167, 1, 0, 50.81, 2655, 38
2026/08/23 03:07:08.662, 14066, 1, 0, 51.37, 2647, 38
2026/08/23 03:07:08.880, 14018, 1, 0, 47.57, 2797, 39
2026/08/23 03:07:09.099, 14018, 1, 0, 48.35, 2797, 39
2026/08/23 03:07:09.317, 14018, 18, 1, 49.66, 2827, 38
2026/08/23 03:07:09.535, 14047, 18, 1, 50.59, 2745, 39
2026/08/23 03:07:09.753, 14047, 2, 0, 50.35, 2715, 38
2026/08/23 03:07:09.970, 14038, 2, 0, 53.89, 2730, 41
2026/08/23 03:07:10.187, 14048, 2, 0, 53.09, 2745, 39
2026/08/23 03:07:10.405, 14052, 2, 0, 53.72, 2805, 39
2026/08/23 03:07:10.624, 14113, 2, 0, 54.99, 2775, 39
2026/08/23 03:07:10.842, 14158, 1, 0, 54.05, 2775, 38
2026/08/23 03:07:11.061, 14185, 1, 0, 51.12, 2700, 39
2026/08/23 03:07:11.279, 14130, 4, 1, 51.24, 2782, 39
2026/08/23 03:07:11.498, 14131, 4, 1, 49.69, 2692, 38
2026/08/23 03:07:11.716, 14135, 3, 1, 48.96, 2692, 39
2026/08/23 03:07:11.934, 14131, 3, 1, 48.49, 2707, 38
2026/08/23 03:07:12.151, 14134, 3, 1, 47.83, 2685, 39
2026/08/23 03:07:12.367, 14134, 3, 1, 52.34, 2685, 41
2026/08/23 03:07:12.586, 14135, 3, 1, 51.90, 2767, 39
2026/08/23 03:07:12.803, 14135, 1, 0, 52.00, 2692, 39
2026/08/23 03:07:13.020, 14118, 1, 0, 51.36, 2670, 38
2026/08/23 03:07:13.238, 14122, 3, 0, 51.59, 2677, 39
2026/08/23 03:07:13.455, 14118, 3, 0, 46.99, 2730, 38
2026/08/23 03:07:13.673, 14118, 3, 0, 47.00, 2692, 39
2026/08/23 03:07:13.890, 14105, 3, 0, 47.34, 2700, 38
2026/08/23 03:07:14.108, 14110, 3, 0, 47.83, 2700, 39
2026/08/23 03:07:14.327, 14110, 3, 1, 48.14, 2722, 39
2026/08/23 03:07:14.544, 14106, 3, 1, 48.53, 2760, 39
2026/08/23 03:07:14.760, 14106, 0, 0, 52.26, 2722, 39
2026/08/23 03:07:14.977, 14105, 0, 0, 52.42, 2662, 39
2026/08/23 03:07:15.194, 14105, 0, 0, 52.27, 2745, 39
2026/08/23 03:07:15.411, 14106, 0, 0, 50.94, 2655, 38
2026/08/23 03:07:15.628, 14328, 0, 0, 50.94, 2722, 39
2026/08/23 03:07:15.846, 14298, 18, 2, 48.84, 2722, 39
2026/08/23 03:07:16.064, 14208, 18, 2, 49.29, 2797, 39
2026/08/23 03:07:16.281, 14208, 1, 0, 48.63, 2677, 39
2026/08/23 03:07:16.499, 14208, 1, 0, 48.75, 2662, 39
2026/08/23 03:07:16.715, 14200, 1, 0, 51.56, 2662, 45
2026/08/23 03:07:16.932, 14186, 17, 4, 49.90, 2677, 39
2026/08/23 03:07:17.150, 14188, 17, 4, 50.40, 2737, 39
2026/08/23 03:07:17.368, 14187, 17, 4, 51.35, 2737, 39
2026/08/23 03:07:17.585, 14187, 17, 4, 52.18, 2752, 39
2026/08/23 03:07:17.802, 14187, 2, 0, 52.60, 2722, 39
2026/08/23 03:07:18.019, 14173, 2, 0, 49.53, 2730, 39
2026/08/23 03:07:18.237, 14173, 3, 1, 49.22, 2692, 39
2026/08/23 03:07:18.455, 14173, 3, 1, 48.97, 2737, 39
2026/08/23 03:07:18.673, 14173, 3, 1, 49.21, 2752, 39
2026/08/23 03:07:18.891, 14172, 3, 1, 49.34, 2737, 40
2026/08/23 03:07:19.109, 14172, 3, 1, 53.51, 2737, 39
2026/08/23 03:07:19.327, 14172, 2, 1, 53.44, 2737, 39
2026/08/23 03:07:19.545, 14173, 2, 1, 52.81, 2685, 39
2026/08/23 03:07:19.762, 14173, 1, 0, 51.92, 2655, 39
2026/08/23 03:07:19.980, 14173, 1, 0, 51.05, 2655, 39
2026/08/23 03:07:20.197, 14173, 1, 0, 46.14, 2670, 38
2026/08/23 03:07:20.415, 14173, 1, 0, 46.38, 2700, 39
2026/08/23 03:07:20.633, 14138, 1, 0, 47.34, 2752, 39
2026/08/23 03:07:20.850, 14138, 1, 0, 47.23, 2752, 38
2026/08/23 03:07:21.066, 14092, 1, 0, 51.53, 2655, 40
2026/08/23 03:07:21.283, 14092, 2, 0, 51.59, 2715, 39
2026/08/23 03:07:21.499, 14092, 2, 0, 51.28, 2685, 38
2026/08/23 03:07:21.715, 14092, 2, 0, 49.45, 2640, 38
2026/08/23 03:07:21.931, 14090, 2, 0, 49.82, 2640, 39
2026/08/23 03:07:22.148, 14090, 2, 0, 45.07, 2640, 38
2026/08/23 03:07:22.365, 14090, 0, 0, 44.20, 2640, 38
2026/08/23 03:07:22.581, 14090, 0, 0, 44.12, 2640, 38
2026/08/23 03:07:22.799, 14096, 4, 1, 44.30, 2640, 39
2026/08/23 03:07:23.016, 14096, 4, 1, 46.95, 2752, 39
2026/08/23 03:07:23.232, 14095, 36, 5, 53.04, 2805, 40
2026/08/23 03:07:23.450, 14095, 36, 5, 53.84, 2812, 39
2026/08/23 03:07:23.667, 14095, 36, 5, 55.43, 2805, 39
2026/08/23 03:07:23.885, 14095, 36, 5, 56.46, 2707, 39
2026/08/23 03:07:24.101, 14094, 36, 5, 54.74, 2707, 39
2026/08/23 03:07:24.319, 14094, 2, 0, 48.77, 2647, 39
2026/08/23 03:07:24.537, 14096, 2, 0, 49.25, 2737, 39
2026/08/23 03:07:24.757, 14097, 3, 1, 48.68, 2820, 39
2026/08/23 03:07:24.975, 14097, 3, 1, 49.26, 2752, 39
2026/08/23 03:07:25.193, 14097, 3, 1, 50.24, 2745, 39
2026/08/23 03:07:25.410, 14097, 3, 1, 53.82, 2670, 40
2026/08/23 03:07:25.628, 14097, 3, 1, 52.17, 2655, 39
2026/08/23 03:07:25.845, 14091, 1, 0, 50.98, 2655, 39
2026/08/23 03:07:26.062, 14097, 1, 0, 50.08, 2655, 39
2026/08/23 03:07:26.279, 14096, 1, 0, 49.86, 2655, 39
2026/08/23 03:07:26.497, 14096, 1, 0, 49.45, 2662, 39
2026/08/23 03:07:26.714, 14096, 1, 0, 46.22, 2685, 39
2026/08/23 03:07:26.933, 14096, 1, 0, 46.91, 2730, 39
2026/08/23 03:07:27.151, 14096, 1, 0, 47.26, 2692, 39
2026/08/23 03:07:27.369, 14096, 3, 1, 48.13, 2692, 39
2026/08/23 03:07:27.586, 14096, 3, 1, 48.79, 2745, 41
2026/08/23 03:07:27.803, 14096, 1, 0, 52.47, 2707, 39
2026/08/23 03:07:28.022, 14096, 1, 0, 52.52, 2685, 39
2026/08/23 03:07:28.241, 14096, 2, 0, 52.75, 2752, 39
2026/08/23 03:07:28.459, 14096, 2, 0, 51.97, 2670, 39
2026/08/23 03:07:28.676, 14097, 2, 0, 47.29, 2662, 39
2026/08/23 03:07:28.894, 14097, 2, 0, 47.18, 2662, 39
2026/08/23 03:07:29.112, 14097, 2, 0, 45.82, 2662, 39
2026/08/23 03:07:29.330, 14097, 1, 0, 46.08, 2662, 39
2026/08/23 03:07:29.548, 14096, 1, 0, 47.11, 2707, 39
2026/08/23 03:07:29.765, 14092, 3, 1, 48.02, 2745, 39
2026/08/23 03:07:29.982, 14093, 3, 1, 53.46, 2752, 40
2026/08/23 03:07:30.200, 14093, 3, 1, 53.67, 2752, 39
2026/08/23 03:07:30.418, 14093, 3, 1, 54.27, 2722, 39
2026/08/23 03:07:30.636, 14093, 3, 1, 53.84, 2692, 39
2026/08/23 03:07:30.855, 14093, 2, 0, 53.12, 2692, 39
2026/08/23 03:07:31.073, 14093, 2, 0, 48.56, 2707, 39
2026/08/23 03:07:31.290, 14093, 2, 0, 48.32, 2737, 39
2026/08/23 03:07:31.506, 14093, 2, 0, 47.40, 2685, 39
2026/08/23 03:07:31.723, 14092, 0, 0, 46.66, 2640, 39
2026/08/23 03:07:31.939, 14092, 0, 0, 45.97, 2647, 39
2026/08/23 03:07:32.155, 14093, 0, 0, 50.42, 2752, 42
2026/08/23 03:07:32.372, 14102, 0, 0, 51.60, 2797, 39
2026/08/23 03:07:32.590, 14102, 0, 0, 52.95, 2797, 39
2026/08/23 03:07:32.808, 14102, 19, 1, 55.77, 2835, 39
2026/08/23 03:07:33.025, 14102, 19, 1, 57.29, 2835, 39
2026/08/23 03:07:33.242, 14102, 14, 1, 54.10, 2835, 39
2026/08/23 03:07:33.460, 14103, 14, 1, 53.58, 2760, 39
2026/08/23 03:07:33.678, 14103, 14, 1, 53.28, 2812, 39
2026/08/23 03:07:33.895, 14103, 14, 1, 52.30, 2707, 39
2026/08/23 03:07:34.113, 14103, 14, 1, 50.64, 2722, 39
2026/08/23 03:07:34.329, 14103, 1, 0, 49.24, 2722, 39
2026/08/23 03:07:34.546, 14103, 1, 0, 51.86, 2655, 39
2026/08/23 03:07:34.762, 14101, 1, 0, 50.58, 2670, 39
2026/08/23 03:07:34.979, 14101, 1, 0, 50.37, 2662, 39
2026/08/23 03:07:35.197, 14101, 1, 0, 49.85, 2677, 39
2026/08/23 03:07:35.416, 14101, 1, 0, 50.57, 2752, 39
2026/08/23 03:07:35.634, 14101, 1, 0, 46.94, 2670, 39
2026/08/23 03:07:35.852, 14100, 3, 0, 47.91, 2670, 39
2026/08/23 03:07:36.069, 14095, 3, 0, 48.49, 2745, 39
2026/08/23 03:07:36.287, 14101, 1, 0, 48.65, 2745, 39
2026/08/23 03:07:36.505, 14102, 1, 0, 49.01, 2692, 39
2026/08/23 03:07:36.721, 14102, 18, 4, 51.56, 2745, 39
2026/08/23 03:07:36.939, 14102, 18, 4, 53.02, 2722, 39
2026/08/23 03:07:37.157, 14101, 18, 4, 52.39, 2662, 39
2026/08/23 03:07:37.375, 14101, 18, 4, 52.59, 2737, 39
2026/08/23 03:07:37.593, 14101, 18, 4, 52.97, 2737, 39
2026/08/23 03:07:37.811, 14100, 1, 0, 49.95, 2737, 39
2026/08/23 03:07:38.029, 14100, 1, 0, 47.74, 2655, 39
2026/08/23 03:07:38.247, 14100, 3, 1, 48.04, 2685, 39
2026/08/23 03:07:38.464, 14100, 3, 1, 47.19, 2707, 39
2026/08/23 03:07:38.682, 14092, 3, 1, 46.30, 2662, 39
2026/08/23 03:07:38.898, 14092, 3, 1, 46.56, 2685, 39
2026/08/23 03:07:39.115, 14092, 3, 1, 51.74, 2745, 39
2026/08/23 03:07:39.332, 14093, 2, 1, 51.11, 2745, 39
2026/08/23 03:07:39.551, 14098, 2, 1, 51.56, 2677, 39
2026/08/23 03:07:39.770, 14095, 7, 1, 53.45, 2752, 39
2026/08/23 03:07:39.988, 14095, 7, 1, 52.83, 2722, 39
2026/08/23 03:07:40.205, 14095, 7, 1, 47.48, 2655, 39
2026/08/23 03:07:40.422, 14095, 7, 1, 47.16, 2647, 39
2026/08/23 03:07:40.639, 14095, 7, 1, 46.25, 2647, 39
2026/08/23 03:07:40.856, 14093, 1, 0, 44.89, 2647, 39
2026/08/23 03:07:41.071, 14093, 1, 0, 44.47, 2647, 39
2026/08/23 03:07:41.288, 14099, 16, 4, 48.73, 2647, 39
2026/08/23 03:07:41.506, 14099, 16, 4, 50.50, 2730, 39
2026/08/23 03:07:41.724, 14097, 19, 1, 52.18, 2820, 39
2026/08/23 03:07:41.942, 14115, 19, 1, 53.97, 2820, 39
2026/08/23 03:07:42.160, 14114, 19, 1, 56.96, 2812, 39
2026/08/23 03:07:42.378, 14115, 19, 1, 53.63, 2737, 39
2026/08/23 03:07:42.595, 14114, 19, 1, 51.95, 2737, 39
2026/08/23 03:07:42.812, 14113, 0, 0, 49.78, 2670, 39
2026/08/23 03:07:43.029, 14113, 0, 0, 47.88, 2640, 39
2026/08/23 03:07:43.244, 14113, 0, 0, 45.96, 2640, 39
2026/08/23 03:07:43.460, 14112, 0, 0, 48.33, 2640, 39
2026/08/23 03:07:43.678, 14112, 0, 0, 49.89, 2752, 39
2026/08/23 03:07:43.895, 14112, 0, 0, 51.55, 2775, 39
2026/08/23 03:07:44.113, 14112, 0, 0, 52.72, 2715, 39
2026/08/23 03:07:44.330, 14112, 18, 1, 53.31, 2715, 39
2026/08/23 03:07:44.547, 14055, 18, 1, 49.69, 2752, 39
2026/08/23 03:07:44.765, 14074, 18, 1, 49.60, 2700, 39
2026/08/23 03:07:44.983, 14074, 18, 1, 49.12, 2760, 39
2026/08/23 03:07:45.200, 14074, 18, 1, 49.02, 2700, 39
2026/08/23 03:07:45.418, 14074, 18, 1, 47.38, 2647, 39
2026/08/23 03:07:45.634, 14075, 18, 1, 46.99, 2677, 39
2026/08/23 03:07:45.851, 14065, 18, 4, 50.06, 2677, 39
2026/08/23 03:07:46.068, 14065, 18, 4, 49.10, 2662, 39
2026/08/23 03:07:46.285, 14065, 2, 0, 49.97, 2677, 39
2026/08/23 03:07:46.502, 14065, 2, 0, 50.96, 2752, 39
2026/08/23 03:07:46.720, 14081, 1, 0, 51.85, 2790, 39
2026/08/23 03:07:46.937, 14081, 1, 0, 49.63, 2722, 39
2026/08/23 03:07:47.155, 14081, 1, 0, 49.96, 2767, 39
2026/08/23 03:07:47.372, 14081, 1, 0, 48.94, 2640, 39
2026/08/23 03:07:47.589, 14081, 1, 0, 47.20, 2640, 39
2026/08/23 03:07:47.805, 14063, 0, 0, 46.01, 2640, 39
2026/08/23 03:07:48.020, 14063, 0, 0, 48.24, 2655, 39
2026/08/23 03:07:48.237, 14063, 0, 0, 47.66, 2640, 39
2026/08/23 03:07:48.453, 14063, 0, 0, 48.24, 2640, 39
2026/08/23 03:07:48.669, 14063, 0, 0, 48.36, 2640, 39
2026/08/23 03:07:48.885, 14059, 0, 0, 48.07, 2640, 39
2026/08/23 03:07:49.101, 14059, 0, 0, 44.15, 2640, 39
2026/08/23 03:07:49.318, 14059, 0, 0, 44.19, 2640, 39
2026/08/23 03:07:49.535, 14059, 0, 0, 44.20, 2640, 39
2026/08/23 03:07:49.751, 14058, 0, 0, 44.17, 2640, 39
2026/08/23 03:07:49.967, 14058, 0, 0, 44.18, 2640, 39
2026/08/23 03:07:50.183, 14058, 0, 0, 48.04, 2655, 40
2026/08/23 03:07:50.399, 14058, 0, 0, 48.07, 2640, 39
2026/08/23 03:07:50.616, 14058, 0, 0, 48.50, 2640, 39
2026/08/23 03:07:50.832, 14058, 0, 0, 48.15, 2640, 39
2026/08/23 03:07:51.048, 14058, 0, 0, 48.47, 2640, 39
2026/08/23 03:07:51.265, 14058, 0, 0, 44.23, 2640, 39
2026/08/23 03:07:51.481, 14058, 0, 0, 44.23, 2640, 39
2026/08/23 03:07:51.697, 14058, 0, 0, 44.27, 2640, 39
2026/08/23 03:07:51.913, 14058, 0, 0, 44.28, 2640, 39
2026/08/23 03:07:52.129, 14050, 0, 0, 44.35, 2640, 39
2026/08/23 03:07:52.344, 14050, 15, 4, 48.17, 2640, 39
2026/08/23 03:07:52.561, 14050, 15, 4, 48.25, 2655, 39
2026/08/23 03:07:52.778, 14050, 0, 0, 48.64, 2640, 39
2026/08/23 03:07:52.995, 14050, 0, 0, 48.24, 2640, 39
2026/08/23 03:07:53.212, 14050, 0, 0, 44.96, 2640, 39
2026/08/23 03:07:53.428, 14050, 0, 0, 44.32, 2640, 39
2026/08/23 03:07:53.645, 14050, 0, 0, 44.31, 2640, 39
2026/08/23 03:07:53.862, 14050, 0, 0, 44.35, 2640, 39
2026/08/23 03:07:54.078, 14050, 0, 0, 44.35, 2640, 39
2026/08/23 03:07:54.293, 14050, 0, 0, 44.37, 2640, 39
2026/08/23 03:07:54.509, 14050, 0, 0, 48.13, 2640, 40
2026/08/23 03:07:54.727, 14050, 0, 0, 48.09, 2655, 39
2026/08/23 03:07:54.942, 14050, 0, 0, 48.38, 2640, 39
2026/08/23 03:07:55.159, 14050, 0, 0, 48.36, 2640, 39
2026/08/23 03:07:55.375, 14050, 0, 0, 47.99, 2640, 39
2026/08/23 03:07:55.591, 14050, 0, 0, 47.98, 2640, 39
2026/08/23 03:07:55.807, 14050, 0, 0, 44.11, 2640, 39
2026/08/23 03:07:56.023, 14050, 0, 0, 44.10, 2640, 39
2026/08/23 03:07:56.239, 14050, 0, 0, 44.07, 2640, 39
2026/08/23 03:07:56.454, 14050, 0, 0, 44.05, 2640, 39
2026/08/23 03:07:56.670, 14050, 0, 0, 44.05, 2640, 39
2026/08/23 03:07:56.887, 14050, 0, 0, 48.65, 2655, 39
2026/08/23 03:07:57.104, 14050, 0, 0, 48.35, 2655, 39
2026/08/23 03:07:57.321, 14050, 0, 0, 48.74, 2640, 39
2026/08/23 03:07:57.537, 14050, 0, 0, 48.76, 2640, 39
2026/08/23 03:07:57.753, 14050, 0, 0, 48.33, 2640, 39
2026/08/23 03:07:57.969, 14050, 0, 0, 44.13, 2640, 39
2026/08/23 03:07:58.186, 14050, 0, 0, 44.14, 2640, 39
2026/08/23 03:07:58.401, 14050, 0, 0, 44.09, 2640, 39
2026/08/23 03:07:58.618, 14050, 0, 0, 43.97, 2640, 39
2026/08/23 03:07:58.834, 14050, 0, 0, 44.03, 2640, 39
2026/08/23 03:07:59.050, 14050, 0, 0, 45.21, 2640, 39
2026/08/23 03:07:59.266, 14050, 0, 0, 48.10, 2655, 39
2026/08/23 03:07:59.483, 14050, 0, 0, 48.13, 2640, 39
2026/08/23 03:07:59.699, 14050, 0, 0, 48.11, 2640, 39
2026/08/23 03:07:59.915, 14050, 0, 0, 48.14, 2640, 39
2026/08/23 03:08:00.132, 14050, 0, 0, 47.03, 2640, 39
2026/08/23 03:08:00.348, 14050, 0, 0, 44.14, 2640, 39
2026/08/23 03:08:00.565, 14050, 0, 0, 44.12, 2640, 39
2026/08/23 03:08:00.782, 14050, 0, 0, 44.16, 2640, 39
2026/08/23 03:08:00.999, 14050, 0, 0, 44.26, 2640, 39
2026/08/23 03:08:01.215, 14050, 0, 0, 44.27, 2640, 39
2026/08/23 03:08:01.430, 14050, 0, 0, 48.82, 2640, 42
2026/08/23 03:08:01.646, 14050, 0, 0, 48.51, 2655, 39
2026/08/23 03:08:01.862, 14050, 0, 0, 48.47, 2655, 39
2026/08/23 03:08:02.078, 14050, 0, 0, 48.45, 2640, 39
2026/08/23 03:08:02.295, 14050, 0, 0, 48.88, 2640, 39
2026/08/23 03:08:02.511, 14050, 0, 0, 44.19, 2640, 39
2026/08/23 03:08:02.728, 14050, 0, 0, 44.15, 2640, 39
2026/08/23 03:08:02.945, 14050, 0, 0, 44.10, 2640, 39
2026/08/23 03:08:03.161, 14050, 0, 0, 44.14, 2640, 39
2026/08/23 03:08:03.378, 14050, 0, 0, 44.12, 2640, 39
2026/08/23 03:08:03.593, 14050, 0, 0, 44.11, 2640, 39
2026/08/23 03:08:03.809, 14050, 19, 4, 48.97, 2640, 39
2026/08/23 03:08:04.026, 14050, 19, 4, 48.62, 2655, 39
2026/08/23 03:08:04.243, 14050, 0, 0, 49.03, 2640, 39
2026/08/23 03:08:04.459, 14050, 0, 0, 48.57, 2640, 39
2026/08/23 03:08:04.676, 14050, 0, 0, 48.62, 2640, 39
2026/08/23 03:08:04.893, 14050, 0, 0, 44.35, 2640, 39
2026/08/23 03:08:05.109, 14050, 0, 0, 44.21, 2640, 39
2026/08/23 03:08:05.326, 14050, 0, 0, 44.21, 2640, 39
2026/08/23 03:08:05.542, 14050, 0, 0, 44.21, 2640, 39
2026/08/23 03:08:05.758, 14050, 0, 0, 44.22, 2640, 39
2026/08/23 03:08:05.973, 14050, 0, 0, 44.28, 2640, 39
2026/08/23 03:08:06.189, 14050, 0, 0, 48.86, 2655, 39
2026/08/23 03:08:06.406, 14050, 0, 0, 48.85, 2640, 39
2026/08/23 03:08:06.623, 14050, 0, 0, 48.80, 2640, 39
2026/08/23 03:08:06.839, 14050, 0, 0, 48.77, 2640, 39
2026/08/23 03:08:07.056, 14050, 0, 0, 48.29, 2640, 39
2026/08/23 03:08:07.272, 14050, 0, 0, 44.10, 2640, 39
2026/08/23 03:08:07.488, 14050, 0, 0, 44.04, 2640, 39
2026/08/23 03:08:07.705, 14050, 0, 0, 43.94, 2640, 39
2026/08/23 03:08:07.921, 14050, 0, 0, 43.89, 2640, 39
2026/08/23 03:08:08.138, 14050, 0, 0, 43.90, 2640, 39
2026/08/23 03:08:08.353, 14050, 0, 0, 43.89, 2640, 39
2026/08/23 03:08:08.569, 14050, 0, 0, 47.89, 2655, 39
2026/08/23 03:08:08.786, 14050, 0, 0, 47.94, 2640, 39
2026/08/23 03:08:09.003, 14050, 0, 0, 47.97, 2640, 39
2026/08/23 03:08:09.219, 14050, 0, 0, 48.43, 2640, 39
2026/08/23 03:08:09.435, 14050, 0, 0, 48.07, 2640, 39
2026/08/23 03:08:09.652, 14049, 0, 0, 44.15, 2640, 39
2026/08/23 03:08:09.868, 14049, 0, 0, 44.13, 2640, 39
2026/08/23 03:08:10.085, 14049, 0, 0, 44.15, 2640, 39
2026/08/23 03:08:10.301, 14049, 0, 0, 44.12, 2640, 39
2026/08/23 03:08:10.517, 14049, 0, 0, 44.04, 2640, 39
2026/08/23 03:08:10.732, 14049, 16, 4, 48.28, 2640, 40
2026/08/23 03:08:10.949, 14049, 16, 4, 47.91, 2655, 39
2026/08/23 03:08:11.165, 14049, 16, 4, 47.91, 2640, 39
2026/08/23 03:08:11.381, 14049, 16, 4, 47.94, 2640, 39
2026/08/23 03:08:11.598, 14049, 16, 4, 48.38, 2640, 39
2026/08/23 03:08:11.814, 14049, 0, 0, 44.12, 2640, 39
2026/08/23 03:08:12.029, 14049, 0, 0, 44.14, 2640, 39
2026/08/23 03:08:12.246, 14049, 0, 0, 44.09, 2640, 39
2026/08/23 03:08:12.463, 14049, 0, 0, 44.08, 2640, 39
2026/08/23 03:08:12.679, 14049, 0, 0, 44.04, 2640, 39
2026/08/23 03:08:12.894, 14049, 0, 0, 44.06, 2640, 39
2026/08/23 03:08:13.110, 14049, 0, 0, 48.43, 2640, 39
2026/08/23 03:08:13.328, 14049, 0, 0, 48.51, 2655, 39
2026/08/23 03:08:13.544, 14049, 0, 0, 48.12, 2640, 39
2026/08/23 03:08:13.760, 14049, 0, 0, 48.13, 2640, 39
2026/08/23 03:08:13.976, 14049, 0, 0, 48.49, 2640, 39
2026/08/23 03:08:14.192, 14049, 0, 0, 44.12, 2640, 39
2026/08/23 03:08:14.408, 14049, 0, 0, 44.01, 2640, 39
2026/08/23 03:08:14.624, 14049, 0, 0, 43.96, 2640, 39
2026/08/23 03:08:14.841, 14049, 0, 0, 43.97, 2640, 39
2026/08/23 03:08:15.057, 14049, 0, 0, 43.97, 2640, 39
2026/08/23 03:08:15.273, 14049, 0, 0, 44.02, 2640, 39
2026/08/23 03:08:15.490, 14049, 0, 0, 48.35, 2655, 39
2026/08/23 03:08:15.707, 14049, 0, 0, 48.04, 2640, 39
2026/08/23 03:08:15.923, 14049, 0, 0, 48.09, 2640, 39
2026/08/23 03:08:16.140, 14049, 0, 0, 48.14, 2640, 39
2026/08/23 03:08:16.356, 14049, 0, 0, 48.19, 2640, 39
2026/08/23 03:08:16.572, 14049, 0, 0, 44.28, 2640, 39
2026/08/23 03:08:16.789, 14049, 0, 0, 44.30, 2640, 39
2026/08/23 03:08:17.006, 14049, 0, 0, 44.27, 2640, 39
2026/08/23 03:08:17.222, 14049, 0, 0, 44.28, 2640, 39
2026/08/23 03:08:17.437, 14049, 0, 0, 44.30, 2640, 39
2026/08/23 03:08:17.653, 14049, 0, 0, 48.56, 2655, 41
2026/08/23 03:08:17.869, 14049, 0, 0, 48.26, 2655, 39
2026/08/23 03:08:18.086, 14049, 0, 0, 48.28, 2640, 39
2026/08/23 03:08:18.302, 14049, 0, 0, 48.65, 2640, 39
2026/08/23 03:08:18.518, 14049, 0, 0, 48.27, 2640, 39
2026/08/23 03:08:18.735, 14049, 0, 0, 44.35, 2640, 39
2026/08/23 03:08:18.952, 14049, 0, 0, 44.37, 2640, 39
2026/08/23 03:08:19.168, 14049, 0, 0, 44.34, 2640, 39
2026/08/23 03:08:19.385, 14049, 0, 0, 44.32, 2640, 39
2026/08/23 03:08:19.601, 14049, 0, 0, 44.34, 2640, 39
2026/08/23 03:08:19.816, 14049, 0, 0, 44.26, 2640, 39
2026/08/23 03:08:20.032, 14049, 0, 0, 48.17, 2640, 39
2026/08/23 03:08:20.249, 14049, 0, 0, 48.56, 2655, 39
2026/08/23 03:08:20.465, 14049, 0, 0, 48.55, 2640, 39
2026/08/23 03:08:20.682, 14049, 0, 0, 48.58, 2640, 39
2026/08/23 03:08:20.899, 14049, 0, 0, 48.24, 2640, 39
2026/08/23 03:08:21.115, 14049, 0, 0, 44.31, 2640, 39
2026/08/23 03:08:21.332, 14049, 0, 0, 44.32, 2640, 39
2026/08/23 03:08:21.549, 14049, 0, 0, 44.32, 2640, 39
2026/08/23 03:08:21.765, 14049, 0, 0, 44.31, 2640, 39
2026/08/23 03:08:21.982, 14049, 0, 0, 44.30, 2640, 39
2026/08/23 03:08:22.197, 14049, 0, 0, 44.41, 2640, 39
2026/08/23 03:08:22.414, 14049, 0, 0, 48.77, 2655, 39
2026/08/23 03:08:22.630, 14049, 0, 0, 48.84, 2640, 39
2026/08/23 03:08:22.847, 14049, 0, 0, 48.51, 2640, 39
2026/08/23 03:08:23.063, 14049, 0, 0, 48.55, 2640, 39
2026/08/23 03:08:23.279, 14049, 0, 0, 48.54, 2640, 39
2026/08/23 03:08:23.495, 14049, 0, 0, 44.53, 2640, 39
2026/08/23 03:08:23.712, 14049, 0, 0, 44.52, 2640, 39
2026/08/23 03:08:23.928, 14049, 0, 0, 44.47, 2640, 39
2026/08/23 03:08:24.144, 14049, 0, 0, 44.49, 2640, 39
2026/08/23 03:08:24.359, 14049, 0, 0, 44.55, 2640, 39
2026/08/23 03:08:24.574, 14049, 0, 0, 48.84, 2640, 39
2026/08/23 03:08:24.791, 14049, 0, 0, 49.00, 2655, 39
2026/08/23 03:08:25.007, 14049, 0, 0, 48.98, 2640, 39
2026/08/23 03:08:25.223, 14049, 0, 0, 48.96, 2640, 39
2026/08/23 03:08:25.440, 14049, 0, 0, 48.56, 2640, 39
2026/08/23 03:08:25.656, 14049, 0, 0, 44.63, 2640, 39
2026/08/23 03:08:25.873, 14049, 0, 0, 44.48, 2640, 39
2026/08/23 03:08:26.089, 14049, 0, 0, 44.47, 2640, 39
2026/08/23 03:08:26.305, 14049, 0, 0, 44.40, 2640, 39
2026/08/23 03:08:26.521, 14049, 0, 0, 44.38, 2640, 39
2026/08/23 03:08:26.737, 14049, 0, 0, 44.36, 2640, 39
2026/08/23 03:08:26.953, 14049, 0, 0, 48.66, 2655, 39
2026/08/23 03:08:27.170, 14049, 0, 0, 48.71, 2640, 39
2026/08/23 03:08:27.386, 14049, 0, 0, 48.36, 2640, 39
2026/08/23 03:08:27.603, 14049, 0, 0, 48.81, 2640, 39
2026/08/23 03:08:27.819, 14049, 0, 0, 48.45, 2640, 39
2026/08/23 03:08:28.036, 14049, 0, 0, 44.64, 2640, 39
2026/08/23 03:08:28.251, 14049, 0, 0, 44.62, 2640, 39
2026/08/23 03:08:28.468, 14049, 0, 0, 44.60, 2640, 39
2026/08/23 03:08:28.684, 14049, 0, 0, 44.64, 2640, 39
2026/08/23 03:08:28.901, 14049, 0, 0, 44.69, 2640, 39
2026/08/23 03:08:29.117, 14049, 0, 0, 48.83, 2655, 40
2026/08/23 03:08:29.335, 14049, 0, 0, 48.55, 2655, 39
2026/08/23 03:08:29.552, 14049, 0, 0, 48.92, 2640, 39
2026/08/23 03:08:29.768, 14049, 0, 0, 48.93, 2640, 39
2026/08/23 03:08:29.985, 14049, 0, 0, 48.95, 2640, 39
2026/08/23 03:08:30.202, 14049, 0, 0, 48.63, 2640, 39
2026/08/23 03:08:30.419, 14049, 0, 0, 44.76, 2640, 39
2026/08/23 03:08:30.635, 14049, 0, 0, 44.76, 2640, 39
2026/08/23 03:08:30.851, 14049, 0, 0, 44.79, 2640, 39
2026/08/23 03:08:31.067, 14049, 0, 0, 44.76, 2640, 39
2026/08/23 03:08:31.282, 14049, 0, 0, 44.75, 2640, 39
2026/08/23 03:08:31.498, 14049, 0, 0, 47.84, 2640, 39
2026/08/23 03:08:31.715, 14049, 0, 0, 48.91, 2655, 39
2026/08/23 03:08:31.931, 14049, 0, 0, 48.87, 2640, 39
2026/08/23 03:08:32.148, 14049, 0, 0, 48.82, 2640, 39
2026/08/23 03:08:32.364, 14049, 0, 0, 48.88, 2640, 39
2026/08/23 03:08:32.580, 14049, 0, 0, 45.71, 2640, 39
2026/08/23 03:08:32.797, 14049, 0, 0, 44.71, 2640, 39
2026/08/23 03:08:33.013, 14049, 0, 0, 44.78, 2640, 39
2026/08/23 03:08:33.229, 14049, 0, 0, 44.83, 2640, 39
2026/08/23 03:08:33.446, 14049, 0, 0, 44.76, 2640, 39
2026/08/23 03:08:33.662, 14049, 0, 0, 44.79, 2640, 39
2026/08/23 03:08:33.877, 14049, 0, 0, 49.34, 2655, 40
2026/08/23 03:08:34.093, 14049, 0, 0, 49.40, 2655, 39
2026/08/23 03:08:34.309, 14049, 0, 0, 48.94, 2640, 39
2026/08/23 03:08:34.525, 14049, 0, 0, 49.32, 2640, 39
2026/08/23 03:08:34.741, 14049, 0, 0, 48.88, 2640, 39
2026/08/23 03:08:34.958, 14049, 0, 0, 44.66, 2640, 39
2026/08/23 03:08:35.174, 14049, 0, 0, 44.53, 2640, 39
2026/08/23 03:08:35.390, 14049, 0, 0, 44.55, 2640, 39
2026/08/23 03:08:35.606, 14049, 0, 0, 44.43, 2640, 39
2026/08/23 03:08:35.822, 14049, 0, 0, 44.44, 2640, 39
2026/08/23 03:08:36.037, 14049, 0, 0, 44.46, 2640, 39
2026/08/23 03:08:36.253, 14049, 17, 4, 48.86, 2640, 40
2026/08/23 03:08:36.469, 14049, 17, 4, 48.53, 2655, 39
2026/08/23 03:08:36.686, 14049, 17, 4, 48.58, 2640, 39
2026/08/23 03:08:36.903, 14049, 17, 4, 48.60, 2640, 39
2026/08/23 03:08:37.119, 14049, 17, 4, 48.63, 2640, 39
2026/08/23 03:08:37.336, 14049, 0, 0, 44.64, 2640, 39
2026/08/23 03:08:37.552, 14049, 0, 0, 44.57, 2640, 39
2026/08/23 03:08:37.768, 14049, 0, 0, 44.61, 2640, 39
2026/08/23 03:08:37.984, 14049, 0, 0, 44.60, 2640, 39
2026/08/23 03:08:38.200, 14049, 0, 0, 44.62, 2640, 39
2026/08/23 03:08:38.415, 14049, 0, 0, 44.55, 2640, 39
2026/08/23 03:08:38.632, 14049, 0, 0, 49.10, 2655, 41
2026/08/23 03:08:38.848, 14049, 0, 0, 48.70, 2655, 39
2026/08/23 03:08:39.065, 14049, 0, 0, 48.68, 2640, 39
2026/08/23 03:08:39.281, 14049, 0, 0, 48.70, 2640, 39
2026/08/23 03:08:39.498, 14049, 0, 0, 49.12, 2640, 39
2026/08/23 03:08:39.715, 14048, 0, 0, 44.59, 2640, 39
2026/08/23 03:08:39.931, 14048, 0, 0, 44.54, 2640, 39
2026/08/23 03:08:40.148, 14048, 0, 0, 44.56, 2640, 39
2026/08/23 03:08:40.364, 14048, 0, 0, 44.56, 2640, 39
2026/08/23 03:08:40.580, 14048, 0, 0, 44.55, 2640, 39
2026/08/23 03:08:40.797, 14048, 0, 0, 44.54, 2640, 39
2026/08/23 03:08:41.012, 14048, 0, 0, 49.24, 2640, 39
2026/08/23 03:08:41.228, 14048, 0, 0, 49.34, 2655, 39
2026/08/23 03:08:41.444, 14048, 0, 0, 49.35, 2640, 39
2026/08/23 03:08:41.661, 14048, 0, 0, 48.92, 2640, 39
2026/08/23 03:08:41.877, 14048, 0, 0, 49.32, 2640, 39
2026/08/23 03:08:42.093, 14048, 0, 0, 48.89, 2640, 39
2026/08/23 03:08:42.310, 14048, 0, 0, 44.48, 2640, 39
2026/08/23 03:08:42.526, 14048, 0, 0, 44.50, 2640, 39
2026/08/23 03:08:42.743, 14048, 0, 0, 44.56, 2640, 39
2026/08/23 03:08:42.959, 14048, 0, 0, 44.55, 2640, 39
2026/08/23 03:08:43.176, 14048, 0, 0, 44.52, 2640, 39
2026/08/23 03:08:43.391, 14048, 0, 0, 44.45, 2640, 39
2026/08/23 03:08:43.607, 14048, 0, 0, 48.96, 2640, 39
2026/08/23 03:08:43.824, 14048, 0, 0, 48.91, 2655, 39
2026/08/23 03:08:44.040, 14048, 0, 0, 48.90, 2640, 39
2026/08/23 03:08:44.256, 14048, 0, 0, 48.52, 2640, 39
2026/08/23 03:08:44.473, 14048, 0, 0, 48.94, 2640, 39
2026/08/23 03:08:44.689, 14048, 0, 0, 44.44, 2640, 39
2026/08/23 03:08:44.905, 14048, 0, 0, 44.50, 2640, 39
2026/08/23 03:08:45.121, 14048, 0, 0, 44.53, 2640, 39
2026/08/23 03:08:45.337, 14048, 0, 0, 44.56, 2640, 39
2026/08/23 03:08:45.553, 14048, 0, 0, 44.56, 2640, 39
2026/08/23 03:08:45.769, 14048, 0, 0, 44.52, 2640, 39
2026/08/23 03:08:45.983, 14048, 0, 0, 44.57, 2640, 39
2026/08/23 03:08:46.200, 14048, 0, 0, 48.94, 2655, 39
2026/08/23 03:08:46.416, 14048, 0, 0, 48.59, 2640, 39
2026/08/23 03:08:46.632, 14048, 0, 0, 49.04, 2640, 39
2026/08/23 03:08:46.848, 14048, 0, 0, 48.67, 2640, 39
2026/08/23 03:08:47.064, 14048, 0, 0, 48.64, 2640, 39
2026/08/23 03:08:47.281, 14048, 0, 0, 44.68, 2640, 39
2026/08/23 03:08:47.497, 14048, 0, 0, 44.67, 2640, 39
2026/08/23 03:08:47.713, 14048, 0, 0, 44.57, 2640, 39
2026/08/23 03:08:47.930, 14048, 0, 0, 44.55, 2640, 39
2026/08/23 03:08:48.146, 14048, 0, 0, 44.54, 2640, 39
2026/08/23 03:08:48.361, 14048, 0, 0, 44.50, 2640, 39
2026/08/23 03:08:48.577, 14048, 0, 0, 48.74, 2640, 39
2026/08/23 03:08:48.794, 14048, 0, 0, 48.81, 2655, 39
2026/08/23 03:08:49.010, 14048, 0, 0, 48.74, 2640, 39
2026/08/23 03:08:49.227, 14048, 0, 0, 48.80, 2640, 39
2026/08/23 03:08:49.443, 14048, 0, 0, 48.47, 2640, 39
2026/08/23 03:08:49.659, 14048, 0, 0, 44.61, 2640, 39
2026/08/23 03:08:49.876, 14048, 0, 0, 44.54, 2640, 39
2026/08/23 03:08:50.093, 14048, 0, 0, 44.52, 2640, 39
2026/08/23 03:08:50.309, 14048, 0, 0, 44.50, 2640, 39
2026/08/23 03:08:50.526, 14048, 0, 0, 44.51, 2640, 39
2026/08/23 03:08:50.741, 14048, 0, 0, 44.45, 2640, 39
2026/08/23 03:08:50.957, 14048, 0, 0, 48.87, 2655, 40
2026/08/23 03:08:51.173, 14048, 0, 0, 48.55, 2640, 39
2026/08/23 03:08:51.390, 14048, 0, 0, 48.94, 2640, 39
2026/08/23 03:08:51.606, 14048, 0, 0, 48.94, 2640, 39
2026/08/23 03:08:51.822, 14048, 0, 0, 48.97, 2640, 39
2026/08/23 03:08:52.039, 14048, 0, 0, 44.56, 2640, 39
2026/08/23 03:08:52.255, 14048, 0, 0, 44.59, 2640, 39
2026/08/23 03:08:52.470, 14048, 0, 0, 44.59, 2640, 39
2026/08/23 03:08:52.687, 14048, 0, 0, 44.64, 2640, 39
2026/08/23 03:08:52.903, 14048, 0, 0, 44.66, 2640, 39
2026/08/23 03:08:53.118, 14048, 0, 0, 44.66, 2640, 39
2026/08/23 03:08:53.334, 14048, 0, 0, 48.98, 2640, 41
2026/08/23 03:08:53.550, 14048, 0, 0, 48.66, 2655, 39
2026/08/23 03:08:53.767, 14048, 0, 0, 48.67, 2640, 39
2026/08/23 03:08:53.983, 14048, 0, 0, 48.60, 2640, 39
2026/08/23 03:08:54.199, 14048, 0, 0, 48.98, 2640, 39
2026/08/23 03:08:54.415, 14048, 0, 0, 44.65, 2640, 39
2026/08/23 03:08:54.631, 14048, 0, 0, 44.56, 2640, 39
2026/08/23 03:08:54.848, 14048, 0, 0, 44.54, 2640, 39
2026/08/23 03:08:55.064, 14048, 0, 0, 44.55, 2640, 39
2026/08/23 03:08:55.280, 14048, 0, 0, 44.56, 2640, 39
2026/08/23 03:08:55.497, 14048, 0, 0, 44.53, 2640, 39
2026/08/23 03:08:55.714, 14048, 0, 0, 48.65, 2640, 47
2026/08/23 03:08:55.930, 14048, 0, 0, 48.71, 2655, 39
2026/08/23 03:08:56.146, 14048, 0, 0, 48.38, 2640, 39
2026/08/23 03:08:56.363, 14048, 0, 0, 48.43, 2640, 39
2026/08/23 03:08:56.579, 14048, 0, 0, 48.83, 2640, 39
2026/08/23 03:08:56.796, 14048, 0, 0, 48.45, 2640, 39
2026/08/23 03:08:57.012, 14048, 0, 0, 44.59, 2640, 39
2026/08/23 03:08:57.229, 14048, 0, 0, 44.59, 2640, 39
2026/08/23 03:08:57.445, 14048, 0, 0, 44.52, 2640, 39
2026/08/23 03:08:57.661, 14048, 0, 0, 44.47, 2640, 39
2026/08/23 03:08:57.878, 14048, 0, 0, 44.49, 2640, 39
2026/08/23 03:08:58.094, 14048, 0, 0, 44.56, 2640, 39
2026/08/23 03:08:58.310, 14048, 11, 3, 48.45, 2640, 39
2026/08/23 03:08:58.527, 14048, 11, 3, 48.79, 2655, 39
2026/08/23 03:08:58.744, 14048, 0, 0, 48.83, 2640, 39
2026/08/23 03:08:58.961, 14048, 0, 0, 48.49, 2640, 39
2026/08/23 03:08:59.176, 14048, 0, 0, 48.46, 2640, 39
2026/08/23 03:08:59.392, 14048, 0, 0, 44.58, 2640, 39
2026/08/23 03:08:59.609, 14048, 0, 0, 44.54, 2640, 39
2026/08/23 03:08:59.826, 14048, 0, 0, 44.55, 2640, 39
2026/08/23 03:09:00.042, 14048, 0, 0, 44.53, 2640, 39
2026/08/23 03:09:00.258, 14048, 0, 0, 44.52, 2640, 39
2026/08/23 03:09:00.473, 14048, 0, 0, 44.44, 2640, 39
2026/08/23 03:09:00.689, 14048, 0, 0, 48.46, 2655, 39
2026/08/23 03:09:00.906, 14048, 0, 0, 48.51, 2640, 39
2026/08/23 03:09:01.122, 14048, 0, 0, 48.82, 2640, 39
2026/08/23 03:09:01.338, 14048, 1, 0, 48.48, 2640, 39
2026/08/23 03:09:01.554, 14048, 1, 0, 48.84, 2640, 39
2026/08/23 03:09:01.771, 14048, 0, 0, 44.51, 2640, 39
2026/08/23 03:09:01.987, 14048, 0, 0, 44.49, 2640, 39
2026/08/23 03:09:02.203, 14048, 0, 0, 44.51, 2640, 39
2026/08/23 03:09:02.419, 14048, 0, 0, 44.51, 2640, 39
2026/08/23 03:09:02.636, 14048, 0, 0, 44.53, 2640, 39
2026/08/23 03:09:02.851, 14048, 0, 0, 44.54, 2640, 39
2026/08/23 03:09:03.067, 14048, 0, 0, 48.44, 2640, 40
2026/08/23 03:09:03.283, 14048, 1, 0, 48.88, 2655, 39
2026/08/23 03:09:03.500, 14048, 1, 0, 48.44, 2640, 39
2026/08/23 03:09:03.716, 14048, 1, 0, 48.46, 2640, 39
2026/08/23 03:09:03.932, 14048, 1, 0, 48.86, 2640, 39
2026/08/23 03:09:04.149, 14048, 1, 0, 44.58, 2640, 39
2026/08/23 03:09:04.365, 14048, 0, 0, 44.54, 2640, 39
2026/08/23 03:09:04.581, 14048, 0, 0, 44.56, 2640, 39
2026/08/23 03:09:04.798, 14048, 0, 0, 44.55, 2640, 39
2026/08/23 03:09:05.014, 14048, 0, 0, 44.52, 2640, 39
2026/08/23 03:09:05.230, 14048, 0, 0, 44.56, 2640, 39
2026/08/23 03:09:05.446, 14048, 0, 0, 48.34, 2647, 41
2026/08/23 03:09:05.662, 14048, 0, 0, 48.79, 2647, 39
2026/08/23 03:09:05.878, 14048, 0, 0, 48.41, 2640, 39
2026/08/23 03:09:06.094, 14048, 0, 0, 48.39, 2640, 39
2026/08/23 03:09:06.310, 14048, 0, 0, 48.68, 2640, 39
2026/08/23 03:09:06.527, 14048, 0, 0, 44.47, 2640, 39
2026/08/23 03:09:06.742, 14048, 0, 0, 44.40, 2640, 39
2026/08/23 03:09:06.958, 14048, 0, 0, 44.34, 2640, 39
2026/08/23 03:09:07.175, 14048, 0, 0, 44.35, 2640, 39
2026/08/23 03:09:07.391, 14048, 0, 0, 44.41, 2640, 39
2026/08/23 03:09:07.607, 14048, 0, 0, 44.46, 2640, 39
2026/08/23 03:09:07.823, 14048, 0, 0, 48.67, 2640, 42
2026/08/23 03:09:08.039, 14048, 0, 0, 48.84, 2655, 39
2026/08/23 03:09:08.256, 14048, 0, 0, 48.88, 2640, 39
2026/08/23 03:09:08.473, 14048, 0, 0, 48.54, 2640, 39
2026/08/23 03:09:08.689, 14048, 0, 0, 49.00, 2640, 39
2026/08/23 03:09:08.905, 14048, 0, 0, 44.80, 2640, 39
2026/08/23 03:09:09.121, 14048, 0, 0, 44.69, 2640, 39
2026/08/23 03:09:09.337, 14048, 0, 0, 44.74, 2640, 39
2026/08/23 03:09:09.554, 14048, 0, 0, 44.74, 2640, 39
2026/08/23 03:09:09.771, 14048, 0, 0, 44.68, 2640, 39
2026/08/23 03:09:09.988, 14048, 0, 0, 44.67, 2640, 39
2026/08/23 03:09:10.202, 14048, 0, 0, 44.66, 2640, 47
2026/08/23 03:09:10.419, 14048, 0, 0, 48.81, 2655, 39
2026/08/23 03:09:10.636, 14048, 0, 0, 48.80, 2640, 39
2026/08/23 03:09:10.852, 14048, 0, 0, 48.85, 2640, 39
2026/08/23 03:09:11.068, 14048, 0, 0, 48.83, 2640, 39
2026/08/23 03:09:11.284, 14052, 0, 0, 48.48, 2640, 39
2026/08/23 03:09:11.501, 14052, 0, 0, 44.85, 2647, 39
2026/08/23 03:09:11.718, 14052, 0, 0, 44.90, 2655, 39
2026/08/23 03:09:11.934, 14052, 0, 0, 44.88, 2640, 39
2026/08/23 03:09:12.150, 14052, 0, 0, 44.91, 2640, 39
2026/08/23 03:09:12.367, 14052, 0, 0, 44.77, 2640, 39
2026/08/23 03:09:12.582, 14071, 0, 0, 44.65, 2640, 39
2026/08/23 03:09:12.799, 14070, 11, 2, 50.20, 2677, 39
2026/08/23 03:09:13.015, 14070, 11, 2, 49.95, 2692, 39
2026/08/23 03:09:13.232, 14070, 0, 0, 50.58, 2640, 39
2026/08/23 03:09:13.448, 14070, 0, 0, 50.11, 2640, 39
2026/08/23 03:09:13.665, 14070, 0, 0, 49.07, 2640, 39
2026/08/23 03:09:13.881, 14070, 0, 0, 44.97, 2647, 39
2026/08/23 03:09:14.097, 14070, 0, 0, 44.90, 2647, 39
2026/08/23 03:09:14.314, 14069, 0, 0, 44.75, 2640, 39
2026/08/23 03:09:14.530, 14069, 0, 0, 44.77, 2640, 39
2026/08/23 03:09:14.747, 14069, 0, 0, 44.72, 2640, 39
2026/08/23 03:09:14.964, 14069, 0, 0, 44.69, 2640, 39
2026/08/23 03:09:15.181, 14069, 0, 0, 44.73, 2640, 39
2026/08/23 03:09:15.397, 14069, 0, 0, 49.31, 2655, 39
2026/08/23 03:09:15.613, 14069, 0, 0, 48.90, 2647, 39
2026/08/23 03:09:15.830, 14069, 0, 0, 49.28, 2647, 39
2026/08/23 03:09:16.046, 14069, 0, 0, 49.22, 2640, 39
2026/08/23 03:09:16.263, 14064, 0, 0, 48.77, 2640, 39
2026/08/23 03:09:16.479, 14064, 0, 0, 44.67, 2640, 39
2026/08/23 03:09:16.695, 14064, 0, 0, 44.64, 2640, 39
2026/08/23 03:09:16.911, 14064, 0, 0, 44.55, 2640, 39
2026/08/23 03:09:17.128, 14064, 0, 0, 44.60, 2640, 39
2026/08/23 03:09:17.343, 14064, 0, 0, 44.62, 2640, 39
2026/08/23 03:09:17.559, 14048, 0, 0, 44.65, 2640, 39
2026/08/23 03:09:17.775, 14048, 1, 0, 44.60, 2640, 39
2026/08/23 03:09:17.991, 14048, 1, 0, 49.20, 2655, 39
2026/08/23 03:09:18.208, 14048, 1, 0, 48.83, 2640, 39
2026/08/23 03:09:18.424, 14048, 1, 0, 49.20, 2647, 39
2026/08/23 03:09:18.641, 14048, 1, 0, 49.22, 2640, 39
2026/08/23 03:09:18.857, 14048, 0, 0, 44.67, 2640, 39
2026/08/23 03:09:19.072, 14048, 0, 0, 44.71, 2640, 39
2026/08/23 03:09:19.288, 14048, 0, 0, 44.69, 2640, 39
2026/08/23 03:09:19.504, 14048, 0, 0, 44.73, 2647, 39
2026/08/23 03:09:19.721, 14048, 0, 0, 44.69, 2640, 39
2026/08/23 03:09:19.938, 14048, 0, 0, 44.71, 2640, 39
2026/08/23 03:09:20.153, 14048, 0, 0, 44.74, 2640, 39
2026/08/23 03:09:20.369, 14048, 0, 0, 49.45, 2640, 48
2026/08/23 03:09:20.586, 14048, 0, 0, 49.56, 2662, 39
2026/08/23 03:09:20.802, 14048, 0, 1, 49.70, 2640, 39
2026/08/23 03:09:21.019, 14048, 0, 1, 49.69, 2640, 39
2026/08/23 03:09:21.235, 14048, 0, 0, 49.29, 2640, 39
2026/08/23 03:09:21.452, 14048, 0, 0, 44.97, 2647, 39
2026/08/23 03:09:21.668, 14048, 0, 0, 44.89, 2640, 39
2026/08/23 03:09:21.884, 14048, 0, 0, 44.80, 2640, 39
2026/08/23 03:09:22.100, 14048, 0, 0, 44.80, 2640, 39
2026/08/23 03:09:22.316, 14048, 1, 0, 44.80, 2640, 39
2026/08/23 03:09:22.533, 14048, 1, 0, 44.82, 2647, 39
2026/08/23 03:09:22.749, 14048, 0, 0, 44.78, 2640, 39
2026/08/23 03:09:22.964, 14048, 0, 0, 49.27, 2647, 41
2026/08/23 03:09:23.181, 14048, 0, 0, 49.35, 2647, 39
2026/08/23 03:09:23.398, 14048, 0, 0, 49.36, 2647, 39
2026/08/23 03:09:23.614, 14048, 0, 0, 49.35, 2640, 39
2026/08/23 03:09:23.830, 14048, 0, 0, 49.35, 2640, 39
2026/08/23 03:09:24.046, 14048, 0, 0, 44.83, 2640, 39
2026/08/23 03:09:24.261, 14048, 0, 0, 44.66, 2640, 39
2026/08/23 03:09:24.478, 14048, 0, 0, 44.63, 2640, 39
2026/08/23 03:09:24.695, 14048, 0, 0, 44.59, 2640, 39
2026/08/23 03:09:24.912, 14048, 0, 0, 44.53, 2640, 39
2026/08/23 03:09:25.129, 14048, 0, 0, 44.53, 2640, 39
2026/08/23 03:09:25.344, 14048, 0, 0, 44.53, 2640, 39
2026/08/23 03:09:25.560, 14048, 0, 0, 48.88, 2640, 39
2026/08/23 03:09:25.776, 14048, 0, 0, 48.60, 2655, 39
2026/08/23 03:09:25.993, 14048, 0, 0, 48.62, 2640, 39
2026/08/23 03:09:26.209, 14048, 0, 0, 49.09, 2640, 39
2026/08/23 03:09:26.426, 14048, 0, 0, 48.72, 2640, 39
2026/08/23 03:09:26.642, 14048, 0, 0, 44.67, 2640, 39
2026/08/23 03:09:26.858, 14048, 0, 0, 44.71, 2640, 39
2026/08/23 03:09:27.075, 14048, 0, 0, 44.75, 2640, 39
2026/08/23 03:09:27.290, 14048, 0, 0, 44.78, 2640, 39
2026/08/23 03:09:27.507, 14048, 0, 0, 44.78, 2640, 39
2026/08/23 03:09:27.723, 14048, 0, 0, 44.81, 2640, 39
2026/08/23 03:09:27.939, 14048, 0, 0, 45.67, 2640, 39
2026/08/23 03:09:28.156, 14048, 0, 0, 48.72, 2655, 39
2026/08/23 03:09:28.372, 14048, 0, 0, 48.67, 2640, 39
2026/08/23 03:09:28.589, 14048, 0, 0, 49.07, 2640, 39
2026/08/23 03:09:28.805, 14048, 0, 0, 49.08, 2640, 39
2026/08/23 03:09:29.021, 14048, 0, 0, 47.91, 2640, 39
2026/08/23 03:09:29.237, 14048, 0, 0, 44.72, 2640, 39
2026/08/23 03:09:29.453, 14048, 0, 0, 44.68, 2640, 39
2026/08/23 03:09:29.669, 14048, 0, 0, 44.58, 2640, 39
2026/08/23 03:09:29.885, 14048, 0, 0, 44.59, 2640, 39
2026/08/23 03:09:30.100, 14048, 0, 0, 44.58, 2640, 39
2026/08/23 03:09:30.316, 14048, 0, 0, 44.55, 2640, 39
2026/08/23 03:09:30.532, 14048, 0, 0, 48.95, 2640, 42
2026/08/23 03:09:30.748, 14048, 0, 0, 49.03, 2655, 39
2026/08/23 03:09:30.965, 14048, 0, 0, 48.96, 2640, 39
2026/08/23 03:09:31.182, 14048, 0, 0, 48.59, 2640, 39
2026/08/23 03:09:31.398, 14048, 0, 0, 49.05, 2640, 39
2026/08/23 03:09:31.615, 14048, 0, 0, 44.66, 2640, 39
2026/08/23 03:09:31.832, 14048, 0, 0, 44.69, 2640, 39
2026/08/23 03:09:32.049, 14048, 0, 0, 44.64, 2640, 39
2026/08/23 03:09:32.265, 14048, 0, 0, 44.67, 2640, 39
2026/08/23 03:09:32.481, 14048, 0, 0, 44.65, 2640, 39
2026/08/23 03:09:32.697, 14048, 0, 0, 44.66, 2640, 39
2026/08/23 03:09:32.912, 14048, 0, 0, 44.59, 2640, 39
2026/08/23 03:09:33.127, 14048, 0, 0, 48.90, 2655, 40
2026/08/23 03:09:33.344, 14048, 0, 0, 48.54, 2655, 39
2026/08/23 03:09:33.561, 14048, 0, 0, 48.57, 2640, 39
2026/08/23 03:09:33.777, 14048, 0, 0, 48.98, 2640, 39
2026/08/23 03:09:33.993, 14048, 0, 0, 48.95, 2640, 39
2026/08/23 03:09:34.209, 14048, 0, 0, 44.65, 2640, 39
2026/08/23 03:09:34.426, 14048, 0, 0, 44.64, 2640, 39
2026/08/23 03:09:34.642, 14048, 0, 0, 44.63, 2640, 39
2026/08/23 03:09:34.857, 14048, 0, 0, 44.63, 2640, 39
2026/08/23 03:09:35.074, 14048, 0, 0, 44.61, 2640, 39
2026/08/23 03:09:35.291, 14048, 0, 0, 44.61, 2640, 39
2026/08/23 03:09:35.507, 14048, 0, 0, 44.65, 2640, 39
2026/08/23 03:09:35.722, 14048, 0, 0, 48.92, 2655, 40
2026/08/23 03:09:35.938, 14048, 0, 1, 48.98, 2640, 39
2026/08/23 03:09:36.154, 14048, 0, 1, 48.98, 2640, 39
2026/08/23 03:09:36.371, 14048, 0, 0, 48.87, 2640, 39
2026/08/23 03:09:36.587, 14048, 0, 0, 48.86, 2640, 39
2026/08/23 03:09:36.802, 14048, 0, 0, 44.55, 2647, 39
2026/08/23 03:09:37.018, 14048, 0, 0, 44.39, 2640, 39
2026/08/23 03:09:37.233, 14048, 0, 0, 44.42, 2640, 39
2026/08/23 03:09:37.449, 14048, 0, 0, 44.42, 2640, 39
2026/08/23 03:09:37.665, 14048, 0, 0, 44.46, 2640, 39
2026/08/23 03:09:37.881, 14048, 0, 0, 44.51, 2640, 39
2026/08/23 03:09:38.097, 14048, 0, 0, 44.50, 2640, 39
2026/08/23 03:09:38.312, 14048, 16, 4, 48.75, 2640, 39
2026/08/23 03:09:38.529, 14048, 16, 4, 48.79, 2655, 39
2026/08/23 03:09:38.745, 14048, 0, 0, 48.39, 2640, 39
2026/08/23 03:09:38.961, 14048, 0, 0, 48.40, 2640, 39
2026/08/23 03:09:39.178, 14048, 0, 0, 48.80, 2640, 39
2026/08/23 03:09:39.394, 14048, 0, 0, 44.54, 2640, 39
2026/08/23 03:09:39.610, 14048, 0, 0, 44.49, 2640, 39
2026/08/23 03:09:39.826, 14048, 0, 0, 44.48, 2640, 39
2026/08/23 03:09:40.041, 14048, 0, 0, 44.50, 2640, 39
2026/08/23 03:09:40.257, 14048, 0, 0, 44.60, 2640, 39
2026/08/23 03:09:40.473, 14048, 0, 0, 44.65, 2640, 39
2026/08/23 03:09:40.689, 14048, 0, 0, 44.61, 2640, 39
2026/08/23 03:09:40.907, 14048, 0, 0, 48.94, 2655, 39
2026/08/23 03:09:41.123, 14048, 0, 0, 48.55, 2640, 39
2026/08/23 03:09:41.339, 14048, 0, 0, 48.93, 2640, 39
2026/08/23 03:09:41.555, 14048, 0, 0, 48.60, 2640, 39
2026/08/23 03:09:41.772, 14048, 0, 0, 48.65, 2640, 39
2026/08/23 03:09:41.988, 14048, 0, 0, 44.80, 2640, 39
2026/08/23 03:09:42.204, 14048, 0, 0, 44.83, 2640, 39
2026/08/23 03:09:42.420, 14048, 0, 0, 44.71, 2640, 39
2026/08/23 03:09:42.636, 14048, 0, 0, 44.73, 2640, 39
2026/08/23 03:09:42.852, 14048, 0, 0, 44.72, 2640, 39
2026/08/23 03:09:43.067, 14048, 0, 0, 44.68, 2640, 39
2026/08/23 03:09:43.282, 14048, 0, 0, 44.74, 2640, 39
2026/08/23 03:09:43.499, 14048, 0, 0, 49.13, 2655, 39
2026/08/23 03:09:43.715, 14048, 0, 0, 49.09, 2640, 39
2026/08/23 03:09:43.931, 14048, 0, 0, 49.10, 2640, 39
2026/08/23 03:09:44.147, 14048, 0, 0, 48.70, 2640, 39
2026/08/23 03:09:44.364, 14048, 0, 0, 48.64, 2640, 39
2026/08/23 03:09:44.580, 14048, 0, 0, 44.66, 2640, 39
2026/08/23 03:09:44.797, 14048, 0, 0, 44.63, 2640, 39
2026/08/23 03:09:45.013, 14048, 0, 0, 44.51, 2640, 39
2026/08/23 03:09:45.229, 14048, 0, 0, 44.53, 2640, 39
2026/08/23 03:09:45.445, 14048, 0, 0, 44.46, 2640, 39
2026/08/23 03:09:45.660, 14048, 0, 0, 44.40, 2640, 39
2026/08/23 03:09:45.876, 14048, 0, 0, 48.59, 2655, 46
2026/08/23 03:09:46.092, 14048, 0, 0, 48.30, 2655, 39
2026/08/23 03:09:46.307, 14048, 0, 0, 48.42, 2640, 39
2026/08/23 03:09:46.524, 14048, 0, 0, 48.46, 2647, 39
2026/08/23 03:09:46.740, 14048, 0, 0, 48.83, 2640, 39
2026/08/23 03:09:46.957, 14048, 0, 0, 44.64, 2640, 39
2026/08/23 03:09:47.173, 14048, 0, 0, 44.64, 2640, 39
2026/08/23 03:09:47.388, 14048, 0, 0, 44.62, 2640, 39
2026/08/23 03:09:47.604, 14048, 0, 0, 44.60, 2640, 39
2026/08/23 03:09:47.821, 14048, 0, 0, 44.60, 2640, 39
2026/08/23 03:09:48.038, 14048, 0, 0, 44.56, 2640, 39
2026/08/23 03:09:48.253, 14048, 0, 0, 44.70, 2640, 39
2026/08/23 03:09:48.469, 14048, 0, 0, 48.90, 2655, 40
2026/08/23 03:09:48.686, 14048, 0, 0, 48.64, 2640, 39
2026/08/23 03:09:48.902, 14048, 0, 0, 48.69, 2640, 39
2026/08/23 03:09:49.119, 14048, 0, 0, 48.74, 2640, 39
2026/08/23 03:09:49.335, 14048, 0, 0, 49.06, 2640, 39
2026/08/23 03:09:49.551, 14048, 0, 0, 44.78, 2640, 39
2026/08/23 03:09:49.768, 14048, 0, 0, 44.72, 2640, 39
2026/08/23 03:09:49.984, 14048, 0, 0, 44.76, 2640, 39
2026/08/23 03:09:50.201, 14048, 0, 0, 44.79, 2640, 39
2026/08/23 03:09:50.417, 14048, 0, 0, 44.81, 2640, 39
2026/08/23 03:09:50.633, 14048, 0, 0, 44.79, 2640, 39
2026/08/23 03:09:50.848, 14048, 0, 0, 44.77, 2640, 39
2026/08/23 03:09:51.066, 14048, 0, 0, 48.53, 2647, 39
2026/08/23 03:09:51.283, 14048, 0, 0, 48.53, 2647, 39
2026/08/23 03:09:51.499, 14048, 0, 0, 48.83, 2640, 39
2026/08/23 03:09:51.716, 14048, 0, 0, 48.41, 2640, 39
2026/08/23 03:09:51.932, 14048, 0, 0, 44.65, 2640, 39
2026/08/23 03:09:52.148, 14048, 0, 0, 44.58, 2640, 39
2026/08/23 03:09:52.364, 14048, 0, 0, 44.57, 2640, 39
2026/08/23 03:09:52.580, 14048, 0, 0, 44.55, 2640, 39
2026/08/23 03:09:52.796, 14048, 0, 0, 44.54, 2640, 39
2026/08/23 03:09:53.012, 14048, 0, 0, 44.52, 2640, 39
2026/08/23 03:09:53.227, 14048, 0, 0, 44.46, 2640, 39
2026/08/23 03:09:53.442, 14048, 0, 0, 44.44, 2640, 39
2026/08/23 03:09:53.659, 14048, 0, 0, 48.61, 2655, 39
2026/08/23 03:09:53.876, 14048, 0, 0, 48.67, 2640, 39
2026/08/23 03:09:54.092, 14048, 0, 0, 49.10, 2640, 39
2026/08/23 03:09:54.308, 14048, 0, 0, 48.72, 2640, 39
2026/08/23 03:09:54.525, 14048, 0, 0, 48.71, 2640, 39
2026/08/23 03:09:54.741, 14048, 0, 0, 44.46, 2640, 39
2026/08/23 03:09:54.957, 14048, 0, 0, 44.47, 2640, 39
2026/08/23 03:09:55.173, 14048, 0, 0, 44.49, 2640, 39
2026/08/23 03:09:55.389, 14048, 0, 0, 44.57, 2640, 39
2026/08/23 03:09:55.606, 14048, 0, 0, 44.56, 2640, 39
2026/08/23 03:09:55.822, 14048, 0, 0, 44.60, 2640, 39
2026/08/23 03:09:56.038, 14048, 0, 0, 44.51, 2640, 39
2026/08/23 03:09:56.253, 14048, 17, 4, 48.52, 2640, 41
2026/08/23 03:09:56.470, 14048, 17, 4, 48.81, 2655, 39
2026/08/23 03:09:56.687, 14048, 17, 4, 48.87, 2640, 39
2026/08/23 03:09:56.904, 14048, 17, 4, 48.88, 2640, 39
2026/08/23 03:09:57.120, 14048, 17, 4, 48.49, 2640, 39
2026/08/23 03:09:57.337, 14048, 0, 0, 44.48, 2640, 39
2026/08/23 03:09:57.554, 14048, 0, 0, 44.47, 2640, 39
2026/08/23 03:09:57.770, 14048, 0, 0, 44.45, 2640, 39
2026/08/23 03:09:57.986, 14048, 0, 0, 44.41, 2640, 39
2026/08/23 03:09:58.202, 14048, 0, 0, 44.38, 2640, 39
2026/08/23 03:09:58.417, 14048, 0, 0, 44.31, 2640, 39
2026/08/23 03:09:58.634, 14048, 0, 0, 44.29, 2640, 39
2026/08/23 03:09:58.850, 14048, 0, 0, 44.30, 2640, 39
2026/08/23 03:09:59.065, 14048, 0, 0, 48.90, 2640, 40
2026/08/23 03:09:59.282, 14048, 0, 0, 48.56, 2655, 39
2026/08/23 03:09:59.498, 14048, 0, 0, 48.99, 2640, 39
2026/08/23 03:09:59.714, 14048, 0, 0, 48.62, 2640, 39
2026/08/23 03:09:59.931, 14048, 0, 0, 48.55, 2640, 39
2026/08/23 03:10:00.147, 14048, 0, 0, 44.39, 2640, 39
2026/08/23 03:10:00.363, 14048, 0, 0, 44.39, 2640, 39
2026/08/23 03:10:00.580, 14048, 0, 0, 44.40, 2640, 39
2026/08/23 03:10:00.796, 14048, 0, 0, 44.42, 2640, 39
2026/08/23 03:10:01.012, 14048, 0, 0, 44.40, 2640, 39
2026/08/23 03:10:01.228, 14048, 0, 0, 44.40, 2640, 39
2026/08/23 03:10:01.444, 14048, 0, 0, 44.39, 2640, 39
2026/08/23 03:10:01.659, 14048, 0, 0, 48.74, 2655, 43
2026/08/23 03:10:01.875, 14048, 0, 0, 49.26, 2640, 39
2026/08/23 03:10:02.091, 14048, 0, 0, 49.32, 2640, 39
2026/08/23 03:10:02.308, 14048, 0, 0, 48.92, 2640, 39
2026/08/23 03:10:02.524, 14048, 0, 0, 49.29, 2640, 39
2026/08/23 03:10:02.741, 14048, 0, 0, 44.53, 2640, 39
2026/08/23 03:10:02.958, 14048, 0, 0, 44.36, 2640, 39
2026/08/23 03:10:03.175, 14048, 0, 0, 44.34, 2640, 39
2026/08/23 03:10:03.391, 14048, 0, 0, 44.30, 2640, 39
2026/08/23 03:10:03.608, 14048, 0, 0, 44.25, 2640, 39
2026/08/23 03:10:03.825, 14048, 0, 0, 44.28, 2640, 39
2026/08/23 03:10:04.041, 14048, 0, 0, 44.36, 2640, 39
2026/08/23 03:10:04.256, 14048, 0, 0, 44.34, 2640, 39
2026/08/23 03:10:04.472, 14048, 0, 0, 48.48, 2655, 40
2026/08/23 03:10:04.689, 14048, 0, 0, 48.49, 2640, 39
2026/08/23 03:10:04.905, 14048, 0, 0, 48.83, 2640, 39
2026/08/23 03:10:05.122, 14048, 0, 0, 48.82, 2640, 39
2026/08/23 03:10:05.339, 14048, 0, 0, 48.45, 2640, 39
2026/08/23 03:10:05.555, 14048, 0, 0, 44.38, 2640, 39
2026/08/23 03:10:05.771, 14048, 0, 0, 44.38, 2640, 39
2026/08/23 03:10:05.987, 14048, 0, 0, 44.44, 2640, 39
2026/08/23 03:10:06.203, 14048, 0, 0, 44.48, 2640, 39
2026/08/23 03:10:06.419, 14048, 0, 0, 44.54, 2647, 39
2026/08/23 03:10:06.635, 14048, 0, 0, 44.52, 2640, 39
2026/08/23 03:10:06.851, 14048, 0, 0, 44.54, 2640, 39
2026/08/23 03:10:07.066, 14048, 0, 0, 45.08, 2640, 39
2026/08/23 03:10:07.283, 14048, 0, 0, 48.49, 2655, 39
2026/08/23 03:10:07.499, 14048, 0, 0, 48.47, 2640, 39
2026/08/23 03:10:07.716, 14048, 0, 0, 48.77, 2640, 39
2026/08/23 03:10:07.932, 14048, 0, 0, 48.36, 2640, 39
2026/08/23 03:10:08.148, 14048, 0, 0, 47.84, 2640, 39
2026/08/23 03:10:08.365, 14048, 0, 0, 44.48, 2640, 39
2026/08/23 03:10:08.581, 14048, 0, 0, 44.45, 2640, 39
2026/08/23 03:10:08.796, 14048, 0, 0, 44.47, 2640, 39
2026/08/23 03:10:09.013, 14048, 0, 0, 44.48, 2640, 39
2026/08/23 03:10:09.229, 14048, 0, 0, 44.52, 2640, 39
2026/08/23 03:10:09.446, 14048, 0, 0, 44.39, 2647, 39
2026/08/23 03:10:09.661, 14048, 0, 0, 44.43, 2640, 39
2026/08/23 03:10:09.876, 14048, 0, 0, 48.24, 2655, 39
2026/08/23 03:10:10.093, 14048, 0, 0, 48.69, 2655, 39
2026/08/23 03:10:10.310, 14048, 0, 0, 48.22, 2640, 39
2026/08/23 03:10:10.526, 14048, 0, 0, 48.20, 2640, 39
2026/08/23 03:10:10.742, 14048, 0, 0, 48.17, 2640, 39
2026/08/23 03:10:10.958, 14048, 0, 0, 44.23, 2640, 39
2026/08/23 03:10:11.174, 14048, 0, 0, 44.20, 2640, 39
2026/08/23 03:10:11.390, 14048, 0, 0, 44.27, 2647, 39
2026/08/23 03:10:11.607, 14048, 0, 0, 44.29, 2647, 39
2026/08/23 03:10:11.823, 14048, 0, 0, 44.38, 2640, 39
2026/08/23 03:10:12.038, 14048, 0, 0, 44.39, 2640, 39
2026/08/23 03:10:12.254, 14048, 0, 0, 44.35, 2640, 39
2026/08/23 03:10:12.469, 14048, 0, 0, 48.63, 2655, 40
2026/08/23 03:10:12.687, 14048, 0, 0, 48.70, 2640, 39
2026/08/23 03:10:12.904, 14048, 0, 0, 48.62, 2640, 39
2026/08/23 03:10:13.120, 14048, 0, 0, 48.61, 2640, 39
2026/08/23 03:10:13.336, 14048, 0, 0, 48.67, 2640, 39
2026/08/23 03:10:13.552, 14048, 0, 0, 44.20, 2640, 39
2026/08/23 03:10:13.769, 14048, 0, 0, 44.22, 2640, 39
2026/08/23 03:10:13.985, 14048, 0, 0, 44.21, 2640, 39
2026/08/23 03:10:14.201, 14048, 0, 0, 44.20, 2640, 39
2026/08/23 03:10:14.417, 14048, 0, 0, 44.18, 2640, 39
2026/08/23 03:10:14.633, 14048, 0, 0, 44.17, 2640, 39
2026/08/23 03:10:14.849, 14048, 0, 0, 44.13, 2640, 39
2026/08/23 03:10:15.064, 14048, 0, 0, 45.40, 2640, 39
2026/08/23 03:10:15.280, 14048, 0, 1, 48.54, 2655, 39
2026/08/23 03:10:15.497, 14048, 0, 1, 48.24, 2640, 39
2026/08/23 03:10:15.713, 14048, 0, 1, 48.29, 2640, 39
2026/08/23 03:10:15.929, 14048, 0, 1, 48.67, 2640, 39
2026/08/23 03:10:16.145, 14048, 0, 1, 47.25, 2640, 39
2026/08/23 03:10:16.361, 14048, 0, 0, 44.46, 2640, 39
2026/08/23 03:10:16.578, 14048, 0, 0, 44.41, 2640, 39
2026/08/23 03:10:16.793, 14048, 0, 0, 44.38, 2640, 39
2026/08/23 03:10:17.010, 14048, 0, 0, 44.38, 2640, 39
2026/08/23 03:10:17.226, 14048, 0, 0, 44.35, 2640, 39
2026/08/23 03:10:17.443, 14048, 0, 0, 44.39, 2640, 39
2026/08/23 03:10:17.658, 14048, 0, 0, 44.40, 2640, 39
2026/08/23 03:10:17.873, 14048, 0, 0, 48.70, 2655, 39
2026/08/23 03:10:18.089, 14048, 0, 0, 48.44, 2655, 39
2026/08/23 03:10:18.306, 14048, 0, 0, 48.84, 2640, 39
2026/08/23 03:10:18.522, 14048, 0, 0, 48.85, 2640, 39
2026/08/23 03:10:18.739, 14048, 0, 0, 48.44, 2640, 39
2026/08/23 03:10:18.954, 14048, 0, 0, 44.53, 2640, 39
2026/08/23 03:10:19.171, 14048, 0, 0, 44.40, 2640, 39
2026/08/23 03:10:19.388, 14048, 0, 0, 44.33, 2640, 39
2026/08/23 03:10:19.604, 14048, 0, 0, 44.28, 2640, 39
2026/08/23 03:10:19.821, 14048, 0, 0, 44.25, 2640, 39
2026/08/23 03:10:20.037, 14048, 0, 0, 44.18, 2640, 39
2026/08/23 03:10:20.252, 14048, 0, 0, 44.22, 2640, 39
2026/08/23 03:10:20.468, 14048, 0, 0, 48.56, 2655, 41
2026/08/23 03:10:20.685, 14048, 0, 0, 48.65, 2640, 39
2026/08/23 03:10:20.902, 14048, 0, 0, 48.34, 2640, 39
2026/08/23 03:10:21.118, 14048, 0, 0, 48.40, 2640, 39
2026/08/23 03:10:21.334, 14048, 0, 0, 48.76, 2640, 39
2026/08/23 03:10:21.552, 14047, 0, 0, 44.55, 2640, 39
2026/08/23 03:10:21.771, 14047, 0, 0, 44.62, 2640, 39
2026/08/23 03:10:21.989, 14047, 0, 0, 44.56, 2640, 39
2026/08/23 03:10:22.207, 14047, 0, 0, 44.61, 2640, 39
2026/08/23 03:10:22.424, 14049, 0, 0, 44.67, 2655, 39
2026/08/23 03:10:22.641, 14049, 0, 0, 44.65, 2640, 39
2026/08/23 03:10:22.858, 14049, 0, 0, 44.65, 2640, 39
2026/08/23 03:10:23.073, 14049, 0, 0, 44.65, 2647, 39
2026/08/23 03:10:23.289, 14049, 17, 4, 49.02, 2640, 39
2026/08/23 03:10:23.507, 14047, 17, 4, 48.63, 2655, 39
2026/08/23 03:10:23.726, 14047, 17, 4, 49.05, 2640, 39
2026/08/23 03:10:23.943, 14047, 0, 0, 49.09, 2640, 39
2026/08/23 03:10:24.159, 14047, 0, 0, 48.71, 2640, 39
2026/08/23 03:10:24.376, 14047, 0, 0, 44.75, 2640, 39
2026/08/23 03:10:24.592, 14047, 0, 0, 44.64, 2640, 39
2026/08/23 03:10:24.808, 14047, 0, 0, 44.59, 2640, 39
2026/08/23 03:10:25.025, 14047, 0, 0, 44.58, 2640, 39
2026/08/23 03:10:25.241, 14047, 0, 0, 44.66, 2640, 39
2026/08/23 03:10:25.457, 14047, 0, 0, 44.64, 2640, 39
2026/08/23 03:10:25.673, 14047, 0, 0, 44.68, 2640, 39
2026/08/23 03:10:25.887, 14047, 0, 0, 44.65, 2640, 39
2026/08/23 03:10:26.103, 14047, 0, 0, 48.97, 2640, 39
2026/08/23 03:10:26.319, 14047, 0, 0, 48.56, 2655, 39
2026/08/23 03:10:26.536, 14047, 0, 0, 48.98, 2640, 39
2026/08/23 03:10:26.752, 14047, 0, 0, 48.92, 2640, 39
2026/08/23 03:10:26.968, 14047, 0, 0, 48.93, 2640, 39
2026/08/23 03:10:27.184, 14047, 0, 0, 44.64, 2640, 39
2026/08/23 03:10:27.401, 14047, 0, 0, 44.59, 2640, 39
2026/08/23 03:10:27.617, 14047, 0, 0, 44.58, 2640, 39
2026/08/23 03:10:27.834, 14047, 0, 0, 44.65, 2640, 39
2026/08/23 03:10:28.050, 14047, 0, 0, 44.61, 2640, 39
2026/08/23 03:10:28.266, 14047, 0, 0, 44.74, 2640, 39
2026/08/23 03:10:28.482, 14047, 0, 0, 44.77, 2640, 39
2026/08/23 03:10:28.697, 14047, 0, 0, 48.91, 2655, 40
2026/08/23 03:10:28.913, 14047, 0, 0, 48.65, 2640, 39
2026/08/23 03:10:29.129, 14047, 0, 0, 48.99, 2640, 39
2026/08/23 03:10:29.345, 14047, 0, 0, 48.93, 2640, 39
2026/08/23 03:10:29.561, 14047, 0, 0, 48.58, 2647, 39
2026/08/23 03:10:29.778, 14047, 0, 0, 44.80, 2640, 39
2026/08/23 03:10:29.994, 14047, 0, 0, 44.61, 2640, 39
2026/08/23 03:10:30.211, 14047, 0, 0, 44.62, 2640, 39
2026/08/23 03:10:30.427, 14047, 0, 0, 44.65, 2640, 39
2026/08/23 03:10:30.643, 14047, 0, 0, 44.64, 2640, 39
2026/08/23 03:10:30.860, 14047, 0, 0, 44.74, 2640, 39
2026/08/23 03:10:31.075, 14047, 0, 0, 44.79, 2640, 39
2026/08/23 03:10:31.290, 14047, 0, 0, 44.89, 2640, 46
2026/08/23 03:10:31.506, 14047, 0, 0, 48.81, 2655, 39
2026/08/23 03:10:31.723, 14047, 0, 0, 49.13, 2640, 39
2026/08/23 03:10:31.939, 14047, 0, 0, 49.13, 2640, 39
2026/08/23 03:10:32.155, 14047, 0, 0, 48.71, 2640, 39
2026/08/23 03:10:32.371, 14047, 0, 0, 48.66, 2640, 39
2026/08/23 03:10:32.587, 14047, 0, 0, 44.75, 2640, 39
2026/08/23 03:10:32.804, 14047, 0, 0, 44.73, 2640, 39
2026/08/23 03:10:33.020, 14047, 0, 0, 44.73, 2640, 39
2026/08/23 03:10:33.236, 14047, 0, 0, 44.75, 2640, 39
2026/08/23 03:10:33.453, 14047, 0, 0, 44.73, 2640, 39
2026/08/23 03:10:33.669, 14047, 0, 0, 44.73, 2640, 39
2026/08/23 03:10:33.884, 14047, 0, 0, 44.70, 2640, 39
2026/08/23 03:10:34.100, 14047, 0, 0, 48.89, 2640, 39
2026/08/23 03:10:34.316, 14047, 0, 1, 48.60, 2655, 39
2026/08/23 03:10:34.533, 14047, 0, 1, 48.97, 2640, 39
2026/08/23 03:10:34.748, 14047, 0, 0, 48.57, 2640, 39
2026/08/23 03:10:34.965, 14047, 0, 0, 48.61, 2640, 39
2026/08/23 03:10:35.181, 14047, 0, 0, 44.76, 2640, 39
2026/08/23 03:10:35.398, 14047, 0, 0, 44.70, 2640, 39
2026/08/23 03:10:35.614, 14047, 0, 0, 44.65, 2640, 39
2026/08/23 03:10:35.829, 14047, 0, 0, 44.64, 2640, 39
2026/08/23 03:10:36.046, 14047, 0, 0, 44.54, 2640, 39
2026/08/23 03:10:36.262, 14047, 0, 0, 44.58, 2640, 39
2026/08/23 03:10:36.478, 14047, 0, 0, 44.49, 2640, 39
2026/08/23 03:10:36.693, 14047, 0, 0, 44.42, 2640, 40
2026/08/23 03:10:36.909, 14047, 0, 0, 48.60, 2662, 39
2026/08/23 03:10:37.125, 14047, 0, 0, 48.60, 2640, 39
2026/08/23 03:10:37.342, 14047, 0, 0, 48.54, 2640, 39
2026/08/23 03:10:37.558, 14047, 0, 0, 48.56, 2640, 39
2026/08/23 03:10:37.774, 14047, 0, 0, 48.61, 2640, 39
2026/08/23 03:10:37.990, 14047, 0, 0, 44.45, 2640, 39
2026/08/23 03:10:38.206, 14047, 0, 0, 44.48, 2647, 39
2026/08/23 03:10:38.422, 14047, 0, 0, 44.44, 2640, 39
2026/08/23 03:10:38.638, 14047, 0, 0, 44.46, 2640, 39
2026/08/23 03:10:38.855, 14047, 0, 0, 44.47, 2640, 39
2026/08/23 03:10:39.072, 14047, 0, 0, 44.48, 2640, 39
2026/08/23 03:10:39.287, 14047, 0, 0, 44.47, 2640, 39
2026/08/23 03:10:39.502, 14047, 0, 0, 44.44, 2640, 40
2026/08/23 03:10:39.719, 14047, 0, 0, 48.53, 2655, 39
2026/08/23 03:10:39.935, 14047, 0, 0, 48.92, 2640, 39
2026/08/23 03:10:40.152, 14047, 0, 0, 48.54, 2640, 39
2026/08/23 03:10:40.368, 14047, 0, 0, 48.52, 2640, 39
2026/08/23 03:10:40.584, 14047, 0, 0, 44.53, 2640, 39
2026/08/23 03:10:40.800, 14047, 0, 0, 44.51, 2640, 39
2026/08/23 03:10:41.017, 14047, 0, 0, 44.54, 2640, 39
2026/08/23 03:10:41.233, 14047, 0, 0, 44.47, 2647, 39
2026/08/23 03:10:41.448, 14047, 0, 0, 44.43, 2640, 39
2026/08/23 03:10:41.665, 14047, 0, 0, 44.48, 2640, 39
2026/08/23 03:10:41.882, 14047, 0, 0, 44.51, 2640, 39
2026/08/23 03:10:42.097, 14047, 0, 0, 44.48, 2640, 39
2026/08/23 03:10:42.312, 14047, 9, 2, 49.05, 2640, 40
2026/08/23 03:10:42.530, 14047, 9, 2, 48.71, 2655, 39
2026/08/23 03:10:42.746, 14047, 0, 0, 49.05, 2640, 39
2026/08/23 03:10:42.962, 14047, 0, 0, 49.01, 2640, 39
2026/08/23 03:10:43.178, 14047, 0, 0, 48.97, 2640, 39
2026/08/23 03:10:43.394, 14047, 0, 0, 47.73, 2640, 39
2026/08/23 03:10:43.611, 14047, 0, 0, 44.41, 2640, 39
2026/08/23 03:10:43.827, 14047, 0, 0, 44.39, 2640, 39
2026/08/23 03:10:44.044, 14047, 0, 0, 44.47, 2640, 39
2026/08/23 03:10:44.261, 14047, 0, 0, 44.52, 2640, 39
2026/08/23 03:10:44.477, 14047, 0, 0, 44.52, 2640, 39
2026/08/23 03:10:44.694, 14047, 0, 0, 44.62, 2640, 39
2026/08/23 03:10:44.909, 14047, 0, 0, 44.62, 2640, 39
2026/08/23 03:10:45.125, 14047, 0, 0, 48.94, 2655, 40
2026/08/23 03:10:45.342, 14047, 0, 1, 49.00, 2655, 39
2026/08/23 03:10:45.559, 14047, 0, 1, 49.43, 2647, 39
2026/08/23 03:10:45.775, 14047, 0, 0, 49.39, 2640, 39
2026/08/23 03:10:45.991, 14047, 0, 0, 49.41, 2640, 39
2026/08/23 03:10:46.208, 14047, 0, 0, 44.49, 2640, 39
2026/08/23 03:10:46.424, 14047, 0, 0, 44.51, 2640, 39
2026/08/23 03:10:46.640, 14047, 0, 0, 44.51, 2640, 39
2026/08/23 03:10:46.857, 14047, 0, 0, 44.47, 2640, 39
2026/08/23 03:10:47.072, 14047, 0, 0, 44.54, 2640, 39
2026/08/23 03:10:47.288, 14047, 0, 0, 44.61, 2640, 39
2026/08/23 03:10:47.504, 14047, 0, 0, 44.59, 2640, 39
2026/08/23 03:10:47.719, 14047, 0, 0, 44.65, 2647, 39
2026/08/23 03:10:47.935, 14047, 0, 0, 49.18, 2655, 40
2026/08/23 03:10:48.152, 14047, 0, 0, 48.77, 2640, 39
2026/08/23 03:10:48.368, 14047, 0, 0, 49.22, 2640, 39
2026/08/23 03:10:48.585, 14047, 0, 0, 48.78, 2640, 39
2026/08/23 03:10:48.801, 14047, 0, 0, 49.17, 2640, 39
2026/08/23 03:10:49.018, 14047, 0, 0, 44.72, 2640, 39
2026/08/23 03:10:49.235, 14047, 0, 0, 44.74, 2640, 39
2026/08/23 03:10:49.451, 14047, 0, 0, 44.72, 2640, 39
2026/08/23 03:10:49.667, 14047, 0, 0, 44.80, 2640, 39
2026/08/23 03:10:49.884, 14047, 0, 0, 44.80, 2640, 39
2026/08/23 03:10:50.100, 14047, 0, 0, 44.76, 2640, 39
2026/08/23 03:10:50.316, 14047, 0, 0, 44.77, 2640, 39
2026/08/23 03:10:50.531, 14047, 0, 0, 44.78, 2647, 39
2026/08/23 03:10:50.748, 14052, 17, 4, 49.21, 2647, 40
2026/08/23 03:10:50.966, 14071, 17, 4, 49.56, 2707, 39
2026/08/23 03:10:51.183, 14071, 17, 4, 49.63, 2670, 39
2026/08/23 03:10:51.402, 14071, 17, 4, 49.56, 2640, 39
2026/08/23 03:10:51.620, 14075, 17, 4, 50.69, 2745, 39
2026/08/23 03:10:51.839, 14123, 14, 1, 47.72, 2745, 39
2026/08/23 03:10:52.056, 14126, 14, 1, 47.52, 2760, 39
2026/08/23 03:10:52.274, 14126, 3, 1, 47.59, 2662, 39
2026/08/23 03:10:52.492, 14126, 3, 1, 48.02, 2662, 39
2026/08/23 03:10:52.710, 14120, 3, 1, 47.14, 2670, 39
2026/08/23 03:10:52.929, 14120, 3, 1, 45.88, 2662, 39
2026/08/23 03:10:53.147, 14120, 3, 1, 45.83, 2640, 39
2026/08/23 03:10:53.363, 14120, 0, 0, 45.55, 2640, 39
2026/08/23 03:10:53.579, 14052, 0, 0, 45.53, 2640, 39
2026/08/23 03:10:53.795, 14052, 15, 4, 49.47, 2655, 39
2026/08/23 03:10:54.012, 14052, 15, 4, 49.14, 2662, 39
2026/08/23 03:10:54.229, 14052, 2, 1, 49.79, 2662, 39
2026/08/23 03:10:54.446, 14052, 2, 1, 49.90, 2662, 39
2026/08/23 03:10:54.663, 14052, 2, 1, 49.42, 2655, 39
2026/08/23 03:10:54.879, 14059, 2, 1, 45.75, 2662, 39
2026/08/23 03:10:55.096, 14059, 2, 1, 45.69, 2662, 39
2026/08/23 03:10:55.313, 14059, 0, 0, 45.54, 2655, 39
2026/08/23 03:10:55.530, 14059, 0, 0, 45.44, 2647, 39
2026/08/23 03:10:55.748, 14021, 9, 1, 46.26, 2670, 39
2026/08/23 03:10:55.967, 14018, 9, 1, 47.13, 2775, 39
2026/08/23 03:10:56.185, 14045, 9, 1, 48.24, 2760, 39
2026/08/23 03:10:56.401, 14040, 9, 1, 49.17, 2745, 39
2026/08/23 03:10:56.618, 14047, 9, 1, 54.14, 2760, 40
2026/08/23 03:10:56.835, 14048, 2, 0, 54.08, 2760, 39
2026/08/23 03:10:57.053, 14064, 2, 0, 54.53, 2745, 39
2026/08/23 03:10:57.271, 14064, 6, 1, 54.67, 2767, 39
2026/08/23 03:10:57.488, 14018, 6, 1, 54.42, 2775, 39
2026/08/23 03:10:57.706, 14087, 6, 1, 50.40, 2722, 39
2026/08/23 03:10:57.924, 14106, 6, 1, 50.14, 2730, 39
2026/08/23 03:10:58.145, 14107, 6, 1, 49.56, 2700, 39
2026/08/23 03:10:58.367, 14112, 4, 1, 48.96, 2700, 39
2026/08/23 03:10:58.584, 14114, 4, 1, 48.25, 2737, 39
2026/08/23 03:10:58.801, 14115, 4, 0, 48.12, 2670, 39
2026/08/23 03:10:59.018, 14115, 4, 0, 47.44, 2715, 39
2026/08/23 03:10:59.235, 14114, 3, 0, 47.16, 2640, 39
2026/08/23 03:10:59.450, 14114, 3, 0, 46.12, 2670, 39
2026/08/23 03:10:59.666, 14105, 3, 0, 50.31, 2677, 40
2026/08/23 03:10:59.883, 14105, 3, 0, 49.56, 2647, 39
2026/08/23 03:11:00.100, 14105, 3, 0, 49.30, 2647, 39
2026/08/23 03:11:00.317, 14105, 16, 1, 51.13, 2707, 39
2026/08/23 03:11:00.534, 14044, 16, 1, 50.97, 2692, 39
2026/08/23 03:11:00.752, 14043, 7, 1, 48.03, 2760, 39
2026/08/23 03:11:00.970, 14046, 7, 1, 48.11, 2692, 39
2026/08/23 03:11:01.187, 14104, 7, 1, 47.87, 2685, 39
2026/08/23 03:11:01.406, 14107, 7, 1, 48.31, 2730, 39
2026/08/23 03:11:01.623, 14093, 7, 1, 48.26, 2722, 39
2026/08/23 03:11:01.840, 14093, 0, 0, 47.44, 2722, 39
2026/08/23 03:11:02.056, 14093, 0, 0, 46.85, 2640, 39
2026/08/23 03:11:02.272, 14093, 0, 0, 46.33, 2640, 39
2026/08/23 03:11:02.487, 14093, 0, 0, 49.46, 2655, 39
2026/08/23 03:11:02.703, 14084, 0, 0, 48.95, 2640, 39
2026/08/23 03:11:02.919, 14084, 0, 0, 49.00, 2640, 39
2026/08/23 03:11:03.135, 14084, 0, 0, 49.06, 2640, 39
2026/08/23 03:11:03.351, 14084, 0, 1, 48.66, 2640, 39
2026/08/23 03:11:03.568, 14084, 0, 1, 44.84, 2640, 39
2026/08/23 03:11:03.784, 14084, 0, 1, 44.73, 2640, 39
2026/08/23 03:11:04.000, 14084, 0, 1, 44.78, 2640, 39
2026/08/23 03:11:04.216, 14084, 0, 1, 44.75, 2640, 39
2026/08/23 03:11:04.433, 14085, 0, 1, 45.23, 2655, 39
2026/08/23 03:11:04.650, 14085, 0, 1, 46.08, 2745, 39
2026/08/23 03:11:04.867, 14085, 5, 1, 47.19, 2745, 39
2026/08/23 03:11:05.082, 14085, 5, 1, 47.95, 2730, 39
2026/08/23 03:11:05.299, 14085, 16, 4, 53.16, 2775, 39
2026/08/23 03:11:05.516, 14144, 16, 4, 53.98, 2685, 40
2026/08/23 03:11:05.735, 14143, 15, 1, 53.91, 2797, 39
2026/08/23 03:11:05.952, 14130, 15, 1, 54.32, 2775, 39
2026/08/23 03:11:06.169, 14130, 15, 1, 53.56, 2677, 39
2026/08/23 03:11:06.387, 14050, 15, 1, 48.90, 2640, 39
2026/08/23 03:11:06.605, 14098, 15, 1, 48.28, 2640, 39
2026/08/23 03:11:06.824, 14103, 3, 1, 48.44, 2767, 39
2026/08/23 03:11:07.046, 14116, 3, 1, 48.32, 2767, 39
2026/08/23 03:11:07.265, 14125, 5, 1, 49.42, 2767, 39
2026/08/23 03:11:07.483, 14075, 5, 1, 50.91, 2767, 39
2026/08/23 03:11:07.701, 14027, 5, 1, 50.48, 2730, 39
2026/08/23 03:11:07.921, 14060, 5, 1, 49.48, 2692, 39
2026/08/23 03:11:08.141, 14086, 5, 1, 49.24, 2752, 39
2026/08/23 03:11:08.361, 14077, 20, 5, 53.25, 2752, 40
2026/08/23 03:11:08.580, 14077, 20, 5, 53.14, 2752, 39
2026/08/23 03:11:08.799, 14058, 3, 1, 53.15, 2707, 39
2026/08/23 03:11:09.017, 14058, 3, 1, 54.16, 2745, 40
2026/08/23 03:11:09.235, 14087, 3, 1, 53.67, 2805, 39
2026/08/23 03:11:09.454, 14064, 3, 1, 50.54, 2775, 39
2026/08/23 03:11:09.671, 14064, 3, 1, 49.65, 2677, 39
2026/08/23 03:11:09.887, 14064, 3, 1, 49.66, 2700, 39
2026/08/23 03:11:10.105, 14084, 3, 1, 49.17, 2700, 39
2026/08/23 03:11:10.322, 14105, 19, 1, 49.97, 2775, 39
2026/08/23 03:11:10.540, 14105, 19, 1, 48.30, 2775, 39
2026/08/23 03:11:10.757, 14110, 5, 1, 48.52, 2640, 39
2026/08/23 03:11:10.973, 14109, 5, 1, 48.22, 2677, 39
2026/08/23 03:11:11.189, 14109, 5, 1, 46.75, 2647, 40
2026/08/23 03:11:11.406, 14093, 5, 1, 49.64, 2670, 39
2026/08/23 03:11:11.622, 14093, 5, 1, 49.60, 2640, 39
2026/08/23 03:11:11.839, 14093, 0, 0, 49.19, 2640, 39
2026/08/23 03:11:12.056, 14095, 0, 0, 49.20, 2640, 39
2026/08/23 03:11:12.274, 14095, 2, 1, 48.88, 2655, 39
2026/08/23 03:11:12.491, 14093, 2, 1, 44.75, 2655, 39
2026/08/23 03:11:12.708, 14093, 2, 1, 44.88, 2640, 39
2026/08/23 03:11:12.924, 14093, 2, 1, 44.96, 2655, 39
2026/08/23 03:11:13.141, 14093, 2, 1, 44.83, 2640, 39
2026/08/23 03:11:13.357, 14093, 0, 0, 44.73, 2640, 39
2026/08/23 03:11:13.574, 14092, 0, 0, 44.87, 2640, 39
2026/08/23 03:11:13.790, 14092, 0, 0, 44.84, 2655, 39
2026/08/23 03:11:14.005, 14092, 0, 0, 48.98, 2640, 43
2026/08/23 03:11:14.222, 14092, 0, 0, 48.64, 2655, 39
2026/08/23 03:11:14.439, 14093, 0, 0, 49.06, 2655, 39
2026/08/23 03:11:14.657, 14017, 0, 0, 49.44, 2685, 39
2026/08/23 03:11:14.874, 14026, 19, 1, 50.69, 2737, 39
2026/08/23 03:11:15.092, 14068, 19, 1, 50.49, 2737, 39
2026/08/23 03:11:15.311, 14068, 17, 1, 48.74, 2700, 39
2026/08/23 03:11:15.531, 14068, 17, 1, 49.26, 2790, 39
2026/08/23 03:11:15.748, 14069, 8, 1, 48.79, 2700, 39
2026/08/23 03:11:15.965, 14069, 8, 1, 49.99, 2760, 39
2026/08/23 03:11:16.183, 14069, 8, 1, 49.55, 2692, 39
2026/08/23 03:11:16.400, 14071, 8, 1, 48.42, 2647, 39
2026/08/23 03:11:16.616, 14069, 8, 1, 46.81, 2640, 39
2026/08/23 03:11:16.832, 14069, 0, 0, 46.42, 2640, 39
2026/08/23 03:11:17.047, 14069, 0, 0, 48.67, 2640, 40
2026/08/23 03:11:17.264, 14069, 0, 1, 48.91, 2655, 39
2026/08/23 03:11:17.481, 14066, 0, 1, 48.56, 2640, 39
2026/08/23 03:11:17.698, 14066, 0, 1, 49.09, 2640, 39
2026/08/23 03:11:17.915, 14072, 0, 1, 48.90, 2647, 39
2026/08/23 03:11:18.131, 14072, 0, 1, 45.21, 2677, 39
2026/08/23 03:11:18.347, 14072, 0, 0, 45.13, 2677, 39
2026/08/23 03:11:18.565, 14048, 0, 0, 45.08, 2640, 39
2026/08/23 03:11:18.783, 14025, 18, 1, 46.46, 2707, 39
2026/08/23 03:11:19.001, 14091, 18, 1, 47.59, 2775, 39
2026/08/23 03:11:19.219, 14098, 18, 1, 49.17, 2752, 39
2026/08/23 03:11:19.439, 14099, 18, 1, 49.93, 2745, 39
2026/08/23 03:11:19.655, 14099, 18, 1, 50.68, 2722, 39
2026/08/23 03:11:19.872, 14098, 0, 0, 49.20, 2662, 39
2026/08/23 03:11:20.090, 14098, 0, 0, 52.15, 2662, 39
2026/08/23 03:11:20.307, 14099, 4, 1, 50.58, 2640, 39
2026/08/23 03:11:20.524, 14099, 4, 1, 49.27, 2655, 39
2026/08/23 03:11:20.740, 14093, 0, 0, 48.77, 2640, 39
2026/08/23 03:11:20.957, 14093, 0, 0, 49.08, 2685, 39
2026/08/23 03:11:21.174, 14093, 0, 0, 46.21, 2745, 39
2026/08/23 03:11:21.392, 14046, 0, 0, 46.65, 2685, 39
2026/08/23 03:11:21.612, 14048, 0, 0, 47.18, 2685, 39
2026/08/23 03:11:21.830, 14097, 7, 1, 47.94, 2685, 39
2026/08/23 03:11:22.048, 14102, 7, 1, 48.09, 2730, 39
